RespondID,Flooding,LackGroceryStores,LackAccessHealthyFood,LackSidewalks,LackStreetlights,MoldMildew,LackCleanDrinkingWater,LackParksRecreationalFacilities,LackBikePaths,AirQuality,WaterPollution,RoadConditions,None,Other
11175384095,,,,,,,,,,,,,None,
11175370740,,,,,,,,,,,,,None,
11175295204,,,,,,Mold or Mildew,Lack of Clean Drinking Water,,,,,Road Conditions,,
11175288158,,,Lack of Access to Healthy Food options,,Lack of Streetlights,,,,,,,,,
11175277587,,,,,,,,,,,,,None,
11175267972,,,,,,,,,,,,,,
11175258600,,,,,,,,,,,,,None,
11175250062,,,,,,,,,,,,,,loud noises at nght
11175236349,,,Lack of Access to Healthy Food options,Lack of Sidewalks,,,,,,Air Quality,Water Pollution,,,
11175229187,,,,Lack of Sidewalks,,,Lack of Clean Drinking Water,,,,,,,
11175219611,,,,Lack of Sidewalks,,,,,,,,,,
11175199664,,,Lack of Access to Healthy Food options,,,,,,,,,,,
11175189002,,,,Lack of Sidewalks,,,,,,,,,,
11175176277,,,,,,,,,,,,,,
11175164765,,,,,,,,,,,,,None,
11175139037,,,,,,,,,,,,,None,
11175128915,,,,,,Mold or Mildew,,Lack of Parks/Recreational Facilities,,,,,,
11175115405,,,,,,,,,,,Water Pollution,,,
11175104609,,,,,,,,,,,,,None,
11175092364,,,,,,,,,,,,,None,
11173249386,,,,Lack of Sidewalks,Lack of Streetlights,,,,,,,,,
11173235540,Flooding,,Lack of Access to Healthy Food options,,Lack of Streetlights,Mold or Mildew,,Lack of Parks/Recreational Facilities,,,,,,
11173223016,,,,Lack of Sidewalks,Lack of Streetlights,,,,,,,,,
11173209838,,,,,,,,,,,,,None,
11173198394,,,,,Lack of Streetlights,Mold or Mildew,Lack of Clean Drinking Water,Lack of Parks/Recreational Facilities,,,Water Pollution,,,
11173190326,,,,,,,,,,,,,None,
11173055944,,,,Lack of Sidewalks,,,,,,,,,,
11173042890,,,,,,,,,,,Water Pollution,,,
11173026214,,,,,,,,,,,,,None,
11172966525,,,,,,,Lack of Clean Drinking Water,,,Air Quality,Water Pollution,Road Conditions,,
11172938467,,,,,,,,,,,,,None,
11172872881,,,,Lack of Sidewalks,,,,,,,,,,
11172803317,,,,,,,,,,,,,None,
11172753320,,,,Lack of Sidewalks,,,,,Lack of Bike Paths,,,,,
11172746603,,,,Lack of Sidewalks,,,,,Lack of Bike Paths,,,,,
11172363102,Flooding,,,Lack of Sidewalks,,,,Lack of Parks/Recreational Facilities,Lack of Bike Paths,,,,,
11172347091,Flooding,,,Lack of Sidewalks,,,,Lack of Parks/Recreational Facilities,,,Water Pollution,,,
11172335569,,,,,,,,,,Air Quality,Water Pollution,,,Red Tide
11172303812,,,,,,,,,Lack of Bike Paths,,,,,
11172278963,,,,,,,Lack of Clean Drinking Water,,,,Water Pollution,,,
11172197756,,,,,,,,,,Air Quality,,,,
11172186318,,,,,,,,,,,,,None,
11172167471,,,,,,,Lack of Clean Drinking Water,,,,Water Pollution,,,
11172149313,,,,,,,,,,,,,,
11172120974,,,,,,,,,,,,Road Conditions,,
11172062754,,Lack of Grocery Stores,Lack of Access to Healthy Food options,,,Mold or Mildew,Lack of Clean Drinking Water,,,,Water Pollution,,,housing
11172052079,,Lack of Grocery Stores,,,,,Lack of Clean Drinking Water,,Lack of Bike Paths,,Water Pollution,Road Conditions,,
11172044998,,,,,,,,,,,,,,
11172041700,,,,Lack of Sidewalks,Lack of Streetlights,Mold or Mildew,Lack of Clean Drinking Water,,,,Water Pollution,,,
11172034736,,,,,,Mold or Mildew,Lack of Clean Drinking Water,,,,Water Pollution,,,Water quality. Bed Bugs
11172010683,,,,,,,,,,,,,None,
11172000928,,,,,,,,,,,,,,
11171936973,,,,,,,,Lack of Parks/Recreational Facilities,,,,,,
11171889102,,,,Lack of Sidewalks,Lack of Streetlights,,,,,,Water Pollution,,,
11171775862,,,,Lack of Sidewalks,,,Lack of Clean Drinking Water,,,,Water Pollution,,,
11171744820,,,,Lack of Sidewalks,Lack of Streetlights,,,,,,,,,
11171441943,,,Lack of Access to Healthy Food options,Lack of Sidewalks,,,,,Lack of Bike Paths,,,,,
11170555556,,,,Lack of Sidewalks,Lack of Streetlights,,,Lack of Parks/Recreational Facilities,,,Water Pollution,,,
11170551553,,,,,,,,,,,,,None,
11170547753,,,,,,,,,,,,,,
11170544349,,,,,,,,,,,,,None,
11170540159,,,,Lack of Sidewalks,Lack of Streetlights,,,,,,,,,children activities are scarce
11170534414,,,,,,,Lack of Clean Drinking Water,,,,,,,
11170529752,,,,,,,,,,,Water Pollution,,,
11170526913,,,,,,,,Lack of Parks/Recreational Facilities,Lack of Bike Paths,Air Quality,Water Pollution,,,
11170522659,,,,,,,,,,,,,,
11170517469,,,,Lack of Sidewalks,Lack of Streetlights,,,Lack of Parks/Recreational Facilities,Lack of Bike Paths,,,,,
11170513329,,,,,,,,,,Air Quality,,,,
11170508863,,,,Lack of Sidewalks,,Mold or Mildew,Lack of Clean Drinking Water,,,,,,,
11170505170,,,,,,,,,,,,,None,
11170501657,,,,Lack of Sidewalks,Lack of Streetlights,,,,,,,,,
11170497462,,,,,,,,,,,,,,
11170493685,,,,,,Mold or Mildew,,,,Air Quality,,,,
11170489392,,,,,,,,,,,,,,high insurance costs
11170485561,,,,Lack of Sidewalks,,,,,Lack of Bike Paths,,,,,
11170480662,,,,,,,,,,Air Quality,,,,
11170475594,,,,,,,,,,,,,None,
11170465902,,,,,,,,Lack of Parks/Recreational Facilities,,,,,,
11170410525,,,,,,,,,,,Water Pollution,,,
11170406398,,,,Lack of Sidewalks,,,,,Lack of Bike Paths,,,,,
11170402172,,,Lack of Access to Healthy Food options,,,Mold or Mildew,Lack of Clean Drinking Water,,Lack of Bike Paths,,,Road Conditions,,
11170390467,,,,,,,,,,,,,None,
11170388316,,,,Lack of Sidewalks,,,Lack of Clean Drinking Water,,Lack of Bike Paths,,Water Pollution,,,
11170385868,,,,Lack of Sidewalks,,,,,,,,,,need 4 wheel scooter
11170384038,,,,,,,,,,,,,None,
11170380065,,,,Lack of Sidewalks,Lack of Streetlights,,,Lack of Parks/Recreational Facilities,,,Water Pollution,,,
11170379842,,,,,,,,,,,Water Pollution,,,
11170376460,,,,,,,,,,,,,None,
11170375759,Flooding,,,Lack of Sidewalks,,,,,,,,,,
11170373594,,,,,,,,,,,Water Pollution,,,
11170371268,,,,,,,,,,,,,None,
11170370535,,,,Lack of Sidewalks,,,,,Lack of Bike Paths,,,,,
11170366506,,,,Lack of Sidewalks,,,,,,,,,,
11170365613,,,Lack of Access to Healthy Food options,,,,Lack of Clean Drinking Water,,,,Water Pollution,,,
11170361669,,,,,,,,,,,,,,
11170361070,,,,,,,,,,,,,None,
11170357712,,,,,,,,,,,,,None,
11170352706,,,,,,,,,,,,,None,
11170278322,,,,,,,,Lack of Parks/Recreational Facilities,,Air Quality,,Road Conditions,,
11170270798,,,,,,,,,,,,,None,
11170267342,Flooding,,,,,Mold or Mildew,Lack of Clean Drinking Water,,,,Water Pollution,,,
11170264318,,,,,,,,,,,,,None,
11170261154,,,,,,,,,,,,,,
11170258172,,Lack of Grocery Stores,,Lack of Sidewalks,,,Lack of Clean Drinking Water,,,,Water Pollution,,,
11170253587,,,,,,,,,,,,,None,
11170249369,,,,,,Mold or Mildew,,,,,,,,
11170244763,,,,,,,,,,,,,,
11170241090,,,,,,,,Lack of Parks/Recreational Facilities,Lack of Bike Paths,,,,,
11170236173,,,Lack of Access to Healthy Food options,,,,Lack of Clean Drinking Water,,,,Water Pollution,,,
11170233091,,,,,,,,,,,,,None,
11170229339,,,,,Lack of Streetlights,Mold or Mildew,,,,Air Quality,,,,
11170223351,,,,,,,,Lack of Parks/Recreational Facilities,Lack of Bike Paths,,,,,
11170219778,,,,,,,,,,,,,None,
11170214711,,,,,,,,,,,,,None,
11170210539,,,,,,,,,,,,,None,
11170075695,,,,,,,,,,,,,,
11170074780,,Lack of Grocery Stores,,,,,Lack of Clean Drinking Water,,,,,,,
11170073523,,,Lack of Access to Healthy Food options,,,Mold or Mildew,,Lack of Parks/Recreational Facilities,,,,Road Conditions,,
11170072348,,,,,,Mold or Mildew,,,,,,,,
11170071797,,,,,,,,,,,,,None,
11170067881,,,,,,,,,,,,,None,
11170047634,,,Lack of Access to Healthy Food options,Lack of Sidewalks,Lack of Streetlights,Mold or Mildew,Lack of Clean Drinking Water,,,Air Quality,Water Pollution,,,
11170042390,,,,Lack of Sidewalks,Lack of Streetlights,,,,Lack of Bike Paths,,,,,
11170036459,,,,,,,,,,,,,None,
11170029101,,,,,,Mold or Mildew,,,,,Water Pollution,,,
11170022747,,,,,,Mold or Mildew,,,,Air Quality,,,,transportation
11170017835,,,,,,Mold or Mildew,,,,,,,,
11169999380,,,,,,,,,,,,,None,
11169996472,,,,,,,,,,,,,None,
11169993736,,,,,,,,,,,,,None,
11169989985,,,,,,,,,,,,,,
11169986596,,,,,,,,,,Air Quality,,,,
11169984164,,,,,,,,,,,,,,
11169981309,,,,,,,,,,,,,None,
11169974644,,,,,,,,,,,,,None,
11169972106,,,,,,,,,,Air Quality,,,,
11169969037,,,,,,,,,,,,,,
11169966175,,,,,Lack of Streetlights,,,,,,,,,
11169962352,,,,,,,,,,Air Quality,Water Pollution,,,
11169956552,,,,,,,,,,,,,None,
11169764917,,,,Lack of Sidewalks,,,,,Lack of Bike Paths,Air Quality,Water Pollution,,,
11169759192,,,Lack of Access to Healthy Food options,,,,,,,,,,None,
11169753627,Flooding,,Lack of Access to Healthy Food options,Lack of Sidewalks,Lack of Streetlights,,,Lack of Parks/Recreational Facilities,Lack of Bike Paths,Air Quality,Water Pollution,,,
11169428242,,,Lack of Access to Healthy Food options,,,,,,,,Water Pollution,Road Conditions,,
11169397573,,,,,,,,,,,,,None,
11169202582,,,,,Lack of Streetlights,Mold or Mildew,Lack of Clean Drinking Water,,,,,,,
11169199030,,,,Lack of Sidewalks,,,,,,,Water Pollution,,,
11169196712,,,,,,,,,,,Water Pollution,,,
11169193594,,,,,,,,,,,,,,n/a
11169190060,,,,Lack of Sidewalks,Lack of Streetlights,,,Lack of Parks/Recreational Facilities,,,,,,
11169187907,,,,,,,,,,,,,,
11169186487,,,,,,,,,,,,,None,
11169183293,,,,Lack of Sidewalks,,,,,,,,,,
11169175856,,,,,,,Lack of Clean Drinking Water,,,,Water Pollution,,,
11169174387,,,,,,,,,,,,,None,
11169173937,,,,,,,Lack of Clean Drinking Water,,,,,,,
11169172317,,,,,,,,,,Air Quality,Water Pollution,,,
11169171337,,Lack of Grocery Stores,,,,,,,,,,,,
11169170078,,,,,,,,,,,,,,
11169166971,,,,,,,,,,Air Quality,,,,
11169165292,,,,,Lack of Streetlights,,,,,,,,,
11169163908,,,,,Lack of Streetlights,Mold or Mildew,Lack of Clean Drinking Water,,,,Water Pollution,,,
11169162335,,,,,,,,,,,,,None,
11169161039,,,,,,,,,,,,,None,
11169159588,,,,,Lack of Streetlights,,,,,,,,,
11169158203,,,,Lack of Sidewalks,,Mold or Mildew,Lack of Clean Drinking Water,,Lack of Bike Paths,Air Quality,Water Pollution,Road Conditions,,
11169157600,,,,Lack of Sidewalks,Lack of Streetlights,Mold or Mildew,Lack of Clean Drinking Water,Lack of Parks/Recreational Facilities,,,,,,
11169156152,,,,,,,,,,,,,None,
11169154802,,,,,,Mold or Mildew,,,,,,,,
11169153963,,,,,,,,,,,,,None,
11169152282,,,Lack of Access to Healthy Food options,,,,,,,Air Quality,,,,
11169151581,,,,,,,,,,,,,None,
11169150978,,,,Lack of Sidewalks,,Mold or Mildew,,,,Air Quality,Water Pollution,,,
11169148965,,,,,,,,,,,,,None,
11169146608,,,,,Lack of Streetlights,,,,,,,,,
11169144330,,,,Lack of Sidewalks,Lack of Streetlights,Mold or Mildew,Lack of Clean Drinking Water,Lack of Parks/Recreational Facilities,,,,,,
11169143766,,,,Lack of Sidewalks,Lack of Streetlights,,,,Lack of Bike Paths,,,,,
11169143497,Flooding,,,,Lack of Streetlights,Mold or Mildew,,,,,Water Pollution,,,
11169138263,,,Lack of Access to Healthy Food options,,,,,,,,,,,
11169136558,,Lack of Grocery Stores,Lack of Access to Healthy Food options,Lack of Sidewalks,Lack of Streetlights,,,,Lack of Bike Paths,,,,,
11169135569,,,,,,,,,,,,,None,
11169133857,,,,,,,,,,,,,,housing
11169133183,,,Lack of Access to Healthy Food options,,,,,Lack of Parks/Recreational Facilities,,,,,,
11169133084,,,,,Lack of Streetlights,,,,,,,,,
11169129614,,,,Lack of Sidewalks,,,,,,,,,,
11169129353,,,,,,Mold or Mildew,,,,,,,,
11169129336,,,,,,Mold or Mildew,Lack of Clean Drinking Water,,,,,,,
11169125217,,,,,,,,,,,Water Pollution,,,
11169122591,,,,Lack of Sidewalks,Lack of Streetlights,,,Lack of Parks/Recreational Facilities,Lack of Bike Paths,,,,,
11169118008,,,,,Lack of Streetlights,,,,,,,,,
11169117451,,,,,,,,,,Air Quality,,,,
11169115321,Flooding,,,Lack of Sidewalks,Lack of Streetlights,Mold or Mildew,,,,,,,,
11169112661,,,,Lack of Sidewalks,,,,,Lack of Bike Paths,,,,,
11169112395,Flooding,,Lack of Access to Healthy Food options,Lack of Sidewalks,,,Lack of Clean Drinking Water,,,Air Quality,Water Pollution,,,
11169110225,,,,,,,,Lack of Parks/Recreational Facilities,,,,,,
11169107368,,,,Lack of Sidewalks,Lack of Streetlights,,,,Lack of Bike Paths,,,,,
11169105275,,,,,,Mold or Mildew,Lack of Clean Drinking Water,,,,Water Pollution,,,
11169101025,,,,,,,,,,,,,None,
11169098619,,,,,,,,,,,,,None,
11169096282,,,,,,,,,,,,,None,
11169091552,,,,Lack of Sidewalks,,,,,,,,,,
11169088964,Flooding,,,Lack of Sidewalks,Lack of Streetlights,,,Lack of Parks/Recreational Facilities,Lack of Bike Paths,,Water Pollution,,,
11169084262,,,,Lack of Sidewalks,,Mold or Mildew,,Lack of Parks/Recreational Facilities,Lack of Bike Paths,Air Quality,,Road Conditions,,
11169080289,,Lack of Grocery Stores,Lack of Access to Healthy Food options,Lack of Sidewalks,Lack of Streetlights,,Lack of Clean Drinking Water,,,,Water Pollution,,,
11169078051,,,,,,,,,,,,,None,
11169076744,,,,,,,,,,,,,,Money
11169075073,,,,,,,,,,,,,None,
11169061263,,,,,,Mold or Mildew,,,,Air Quality,Water Pollution,,,
11169053621,,,,,,,,,,,,,None,
11169050480,,,,,,,,,,,,,None,
11169047266,,,,Lack of Sidewalks,,,,,,,,,,
11169043223,,,,,,,,,,,,,None,
11169039671,,,,,,,,,,,,,None,
11169036708,,,,,,,,,,,,,None,
11169032638,,,,,,,Lack of Clean Drinking Water,,,,,,,
11169027789,,,,,,,,,,,,,None,
11169026199,,,,,,,,,,,Water Pollution,,,
11169023793,,,,Lack of Sidewalks,,,,,Lack of Bike Paths,,,,,
11169021445,,,,,,,,,,Air Quality,Water Pollution,,,
11169019807,,,,,,Mold or Mildew,,,,,,,,
11169017642,,,,,,,,,,,,,None,
11169016622,,,,,,Mold or Mildew,,,,,,,,
11169014798,,,,,,,,,,,,,None,
11169013225,,,,,Lack of Streetlights,Mold or Mildew,,,,,,,,
11169011413,,,,,Lack of Streetlights,,,,,,,,,
11169009413,,,,,,,,,,,,,None,
11168987777,,,,Lack of Sidewalks,Lack of Streetlights,,,Lack of Parks/Recreational Facilities,,,,,,
11168983610,,,,Lack of Sidewalks,Lack of Streetlights,,,Lack of Parks/Recreational Facilities,,,,,,
11168978050,,,,,,,,,,,,,None,
11168974990,,,,,,,,,,,,,None,
11168972050,,,,,,,,,,,,,None,
11168967764,,,,Lack of Sidewalks,,,,,,,,,,
11168965065,,,,,,,,,,,Water Pollution,,,Red Tide
11168962007,,,,,,,,,,,,,None,
11168957322,,,,Lack of Sidewalks,,,,,,,Water Pollution,,,
11168953748,,,,Lack of Sidewalks,,,,,Lack of Bike Paths,,Water Pollution,,,
11168948564,,,,Lack of Sidewalks,,Mold or Mildew,,,Lack of Bike Paths,,Water Pollution,,,
11168945581,,,,Lack of Sidewalks,,Mold or Mildew,,,,,,,,
11168942824,,,,,Lack of Streetlights,,,,,,,,,
11168940274,,Lack of Grocery Stores,,Lack of Sidewalks,Lack of Streetlights,,Lack of Clean Drinking Water,,,,Water Pollution,,,
11168937866,Flooding,,,,Lack of Streetlights,,Lack of Clean Drinking Water,,,,Water Pollution,,,
11168935261,Flooding,,Lack of Access to Healthy Food options,Lack of Sidewalks,Lack of Streetlights,Mold or Mildew,,,,Air Quality,,,,
11168932016,Flooding,Lack of Grocery Stores,,Lack of Sidewalks,,,,,,,,,,
11168788711,,,,,,,,,,,,,None,
11168783767,,,,,,,,,,,,,None,
11168778770,,,,,,,,,,,,,None,
11168760288,,Lack of Grocery Stores,,,,,,,,,,,,
11168753097,,,,,,,,,,,,,,
11168748328,,,,,,,,,,,,,,
11168741905,,,,Lack of Sidewalks,,Mold or Mildew,,,Lack of Bike Paths,,,Road Conditions,,
11168735906,,,,,,,,,,,,,None,
11168733906,Flooding,,,,,Mold or Mildew,,,,,,,,
11168729577,,,,,,,,,,,,,None,
11168728711,,,,,,,,,,,,,None,
11168726759,,,,,,,,,,,,,,
11168723278,Flooding,,Lack of Access to Healthy Food options,,,Mold or Mildew,,,,,,,,
11168718852,,,,,,,,,,,,,None,
11168716255,,,Lack of Access to Healthy Food options,,,,Lack of Clean Drinking Water,,,Air Quality,Water Pollution,,,
11168712393,Flooding,,,Lack of Sidewalks,,Mold or Mildew,,,Lack of Bike Paths,,,Road Conditions,,
11168710897,,,,,,,,,,,,,None,
11168707645,Flooding,,,,,,Lack of Clean Drinking Water,Lack of Parks/Recreational Facilities,Lack of Bike Paths,,,Road Conditions,,
11168699973,,,,,,,,,,,,,,
11168699946,,,,,,,,,,,,,None,
11168696658,,,,Lack of Sidewalks,,,,,,,,,,
11168694316,,,,,,Mold or Mildew,,,,,,,,
11168691332,,,,Lack of Sidewalks,Lack of Streetlights,,,,,,,,,
11168684025,,,,,,,,,,,,,None,
11168682452,,,,,,,Lack of Clean Drinking Water,Lack of Parks/Recreational Facilities,,,Water Pollution,,,
11168680256,,,,Lack of Sidewalks,,,,,Lack of Bike Paths,,,,,
11168674752,,,,,,,,,,,,,None,
11168674651,,,,Lack of Sidewalks,,,,Lack of Parks/Recreational Facilities,,,,,,
11168670412,,,,,Lack of Streetlights,,,,,,Water Pollution,Road Conditions,,
11168665608,,,,,,,,,,,,,None,
11168661093,,,,,,,,,,,,,None,
11168657433,Flooding,,Lack of Access to Healthy Food options,,Lack of Streetlights,,,,,,Water Pollution,,,
11168555676,,,Lack of Access to Healthy Food options,Lack of Sidewalks,Lack of Streetlights,Mold or Mildew,Lack of Clean Drinking Water,,,Air Quality,Water Pollution,,,
11168554852,,,,,,,,,,,,,None,
11168545071,,,,,,,,,,,,,None,
11168540351,,,,,,,,,,,,,None,
11168536382,,,,,,,,,,,,,None,
11168525216,,,,,,Mold or Mildew,Lack of Clean Drinking Water,,,,Water Pollution,,,
11168520917,,,,,,,,Lack of Parks/Recreational Facilities,Lack of Bike Paths,,Water Pollution,,,
11168520286,,,Lack of Access to Healthy Food options,Lack of Sidewalks,,,Lack of Clean Drinking Water,,Lack of Bike Paths,,Water Pollution,Road Conditions,,
11168515917,,,,,,Mold or Mildew,,,,Air Quality,Water Pollution,,,
11167625375,,,,,,,,,,,,,None,
11167431696,,,,Lack of Sidewalks,Lack of Streetlights,,,,Lack of Bike Paths,,,,,
11167371497,,,,,,,,,,,,,None,
11167368685,,,,,,,,,,,,,None,
11167363899,,,,,,,,,,,Water Pollution,Road Conditions,,
11167361483,,,,,,Mold or Mildew,,,,Air Quality,,,,
11167355328,,,,,,,,,,,,,None,
11167355078,,,,,,,,,,,,,,Stress
11167347456,,,Lack of Access to Healthy Food options,,,,,,,,,Road Conditions,,
11167340559,,,,,,Mold or Mildew,,,,,,,,
11167332746,,,,,,,,,,,,,None,
11167331627,,,Lack of Access to Healthy Food options,,,,,,,,,,,
11167326695,,,,Lack of Sidewalks,,,,Lack of Parks/Recreational Facilities,Lack of Bike Paths,,,Road Conditions,,
11167324290,Flooding,,,Lack of Sidewalks,,,,Lack of Parks/Recreational Facilities,Lack of Bike Paths,,,Road Conditions,,
11167323591,,,Lack of Access to Healthy Food options,,,,,,,,Water Pollution,,,
11167323157,,,,,,,,,,,,,None,
11167320154,,,,,,,,,,,,,,
11167314128,,,,,,,,,,,,,None,
11167313784,,,,,,,Lack of Clean Drinking Water,,,,,,,
11167311362,,,,,,Mold or Mildew,,,,,,,,
11167303084,,,Lack of Access to Healthy Food options,,,,,,,,Water Pollution,,,
11167295215,,,Lack of Access to Healthy Food options,,,Mold or Mildew,,Lack of Parks/Recreational Facilities,Lack of Bike Paths,,Water Pollution,,,
11167287819,,,,,,,,,,,,,None,
11167284362,,Lack of Grocery Stores,,,,,,,Lack of Bike Paths,,,,,
11167280863,,,,,,,,,,,,,,
11167274556,,,,,,Mold or Mildew,Lack of Clean Drinking Water,Lack of Parks/Recreational Facilities,,,Water Pollution,,,
11167266176,,,,Lack of Sidewalks,,,,,,,,,,
11167261821,,,Lack of Access to Healthy Food options,,,,Lack of Clean Drinking Water,Lack of Parks/Recreational Facilities,,,Water Pollution,,,
11167261578,,,,,,Mold or Mildew,,,,,Water Pollution,,,
11167255956,,,,,,,,,,,,,None,
11167249988,,,,Lack of Sidewalks,,,Lack of Clean Drinking Water,,Lack of Bike Paths,,Water Pollution,,,
11167245164,,,,,,,,,,,,,None,
11167241797,,,,,Lack of Streetlights,Mold or Mildew,Lack of Clean Drinking Water,,,,Water Pollution,,,
11167232106,,,,,,,Lack of Clean Drinking Water,,,,,,,
11167227383,,,,,,,,,,,,,None,
11167227065,,,,,,,,,,,,,None,
11167220640,,,,,,,,,,,,,None,
11167217319,,,,,,,,,,,,,None,
11167212890,,,Lack of Access to Healthy Food options,,,Mold or Mildew,,,,,Water Pollution,,,
11167205603,,,Lack of Access to Healthy Food options,,Lack of Streetlights,Mold or Mildew,Lack of Clean Drinking Water,,,,,,,
11167204119,,,,,,Mold or Mildew,,,,Air Quality,,,,
11167201133,,,,,,,,,,,,,None,
11167188862,,,,,Lack of Streetlights,,,,,,,,,
11167176644,,,,Lack of Sidewalks,Lack of Streetlights,,,,Lack of Bike Paths,,Water Pollution,Road Conditions,,
11167164714,,,,,,,,,,,Water Pollution,,,
11167151703,,,,,,Mold or Mildew,Lack of Clean Drinking Water,,,,Water Pollution,Road Conditions,,
11167130622,,Lack of Grocery Stores,,,,,,,,,,,,
11167119189,,,,Lack of Sidewalks,,Mold or Mildew,Lack of Clean Drinking Water,,Lack of Bike Paths,,,,,
11167106075,,,,Lack of Sidewalks,,,,,Lack of Bike Paths,,,,,
11167099178,,Lack of Grocery Stores,Lack of Access to Healthy Food options,Lack of Sidewalks,,Mold or Mildew,,,,,,,,
11167083032,,,,,,,,,,,,,None,
11167068541,,,,,,,Lack of Clean Drinking Water,,,,,,,
11166982689,,,,,,,,,,,,,None,
11166274825,,,,,,,,,,,,,,
11166260590,,,,Lack of Sidewalks,,,Lack of Clean Drinking Water,,,,,Road Conditions,,
11166258730,,,Lack of Access to Healthy Food options,,,,,,,,,,None,
11166251179,,,,,,,,,,,,,None,
11166241233,,,,Lack of Sidewalks,,,,,,,,,,
11166239306,,,,Lack of Sidewalks,,,Lack of Clean Drinking Water,,Lack of Bike Paths,,,,,
11166226128,,,Lack of Access to Healthy Food options,,,,,,,,,,,
11166224969,,,,,,,,,,,,,None,
11166214336,,,,,,,,,,,,,,
11166209726,,,,,,,,,,,,,None,
11166206361,,Lack of Grocery Stores,,,,Mold or Mildew,,,,Air Quality,,,,
11166194194,,,,,,Mold or Mildew,Lack of Clean Drinking Water,,,Air Quality,,,,
11166188312,,,,Lack of Sidewalks,Lack of Streetlights,,,Lack of Parks/Recreational Facilities,Lack of Bike Paths,,,Road Conditions,,
11166183367,,,,,,Mold or Mildew,,,,,,,,
11166167471,Flooding,,Lack of Access to Healthy Food options,,,Mold or Mildew,Lack of Clean Drinking Water,,,,Water Pollution,,,
11166166359,Flooding,,,,,Mold or Mildew,,,,,,,,
11166063300,,,,,,,,,,,,,None,
11165669973,,,,Lack of Sidewalks,Lack of Streetlights,,,,Lack of Bike Paths,,,,,
11165012444,,,,Lack of Sidewalks,Lack of Streetlights,,,,Lack of Bike Paths,,,,,
11164815511,,,Lack of Access to Healthy Food options,,,Mold or Mildew,,,,,,,,
11164812014,,,,Lack of Sidewalks,Lack of Streetlights,,,,Lack of Bike Paths,,,,,
11164650427,,,,,,Mold or Mildew,,,,,,,,
11164494487,,,,Lack of Sidewalks,,,,,Lack of Bike Paths,,Water Pollution,,,
11163939883,,,,,,,,,,,,,None,
11163388957,,,,,,,,,,,,Road Conditions,,
11163297153,,,,,,,,,,,,,,
11162819218,,,,,,,,,,,Water Pollution,,,
11162801723,,,,Lack of Sidewalks,Lack of Streetlights,,,,,,,,,
11162271812,,,,,,,,,,,,,None,
11162152745,Flooding,,,,,,,,,,Water Pollution,Road Conditions,,Poor water drainage/run off
11161432220,,,,,,,,,,,,Road Conditions,,
11160859560,,,,,,,,,,,,,,Public transportation(we are the only county with no buses)
11160845455,,,,,,Mold or Mildew,,,,Air Quality,Water Pollution,,,
11160839838,,,,Lack of Sidewalks,,,,Lack of Parks/Recreational Facilities,,,,,,
11160831679,,,,,,,,,,,,,,
11160827427,,,,,,,,,,,Water Pollution,,,Red Tide
11160822002,Flooding,,,,,,,,,,,,,
11160816054,,,,,,Mold or Mildew,,,,,,,,
11160810539,,,,,,,,,Lack of Bike Paths,,,,,
11160805278,Flooding,,,,,,,,,,,,,
11160791306,,,,,,,,Lack of Parks/Recreational Facilities,,,,,,
11160785593,,,,Lack of Sidewalks,,,Lack of Clean Drinking Water,,,,,,,
11160779076,,,,,,,,,,,,,None,
11160773314,,,Lack of Access to Healthy Food options,,,Mold or Mildew,Lack of Clean Drinking Water,,,,Water Pollution,,,
11160766622,,,,,,,,Lack of Parks/Recreational Facilities,,,,,,
11160766172,,,,,,,,,,,Water Pollution,,,
11160761445,,,,Lack of Sidewalks,Lack of Streetlights,,,Lack of Parks/Recreational Facilities,Lack of Bike Paths,,,Road Conditions,,
11160753990,,,,,,,,,,,,,None,
11160748232,,,,,,,,,,,,,,
11160740726,,,,,,,,Lack of Parks/Recreational Facilities,Lack of Bike Paths,,,,,
11160734603,,,,,Lack of Streetlights,,,,,,,Road Conditions,,
11160723234,,,Lack of Access to Healthy Food options,,,,Lack of Clean Drinking Water,,Lack of Bike Paths,,,,,
11160715764,,,,,,,,,,,,,None,
11160709152,,,,,,,,,,,,,None,
11160702251,,,,,,,,,,,,,None,
11160696530,,,Lack of Access to Healthy Food options,,,,,,,,,,,
11160688201,,,,Lack of Sidewalks,,,,,,,,,,
11160682142,,,Lack of Access to Healthy Food options,Lack of Sidewalks,Lack of Streetlights,,,,,,,,,
11160671864,,,,Lack of Sidewalks,Lack of Streetlights,,,Lack of Parks/Recreational Facilities,Lack of Bike Paths,,,,,
11160664703,,,,,,,,,,,,,None,
11160657255,,,Lack of Access to Healthy Food options,,,Mold or Mildew,Lack of Clean Drinking Water,Lack of Parks/Recreational Facilities,,,,,,
11160649755,,,,,,,,,,,,,None,
11160643190,,,,Lack of Sidewalks,Lack of Streetlights,,,,,,,,,
11160623096,,,,Lack of Sidewalks,Lack of Streetlights,,Lack of Clean Drinking Water,Lack of Parks/Recreational Facilities,,,,,,
11160391837,,,,Lack of Sidewalks,Lack of Streetlights,,,Lack of Parks/Recreational Facilities,Lack of Bike Paths,,,Road Conditions,,
11160236580,Flooding,,,,,Mold or Mildew,Lack of Clean Drinking Water,,,,Water Pollution,,,
11160198624,,,,,,,,,,,,,None,
11160194782,,,,Lack of Sidewalks,,,,,,,Water Pollution,,,
11160192650,,,,,,,,,Lack of Bike Paths,,,,,lack of public transportation
11160183275,,,,,,,,Lack of Parks/Recreational Facilities,,,,,,Cost of Dental
11160183107,,,,,,,,,,,,,None,
11160176796,,,,Lack of Sidewalks,,Mold or Mildew,,,,,,Road Conditions,,
11160175349,,,,Lack of Sidewalks,Lack of Streetlights,,,,,,,,,
11160167278,,,,,,,,,,,,,None,
11160166822,,,,,,Mold or Mildew,,,,,,,,
11160158525,,,,,,,,,,,,,,Lack of transportation
11160156592,,,,,,,Lack of Clean Drinking Water,Lack of Parks/Recreational Facilities,Lack of Bike Paths,,,,,
11160150713,,,,,,,,,,,,,None,
11160145292,,,,,,Mold or Mildew,,Lack of Parks/Recreational Facilities,,,,,,
11160140163,,,Lack of Access to Healthy Food options,Lack of Sidewalks,,,,,,,,,,
11160133375,,,,,,,,Lack of Parks/Recreational Facilities,,,,,,Recreation
11160114124,,,,Lack of Sidewalks,,Mold or Mildew,Lack of Clean Drinking Water,,,,,,,
11160087778,,,,,,,,,,,,,None,
11160081544,,Lack of Grocery Stores,Lack of Access to Healthy Food options,Lack of Sidewalks,,,Lack of Clean Drinking Water,,,,Water Pollution,,,dog parks and/or beach
11160072417,,,,,,,,,,,,,,
11160058432,,,Lack of Access to Healthy Food options,Lack of Sidewalks,,Mold or Mildew,,Lack of Parks/Recreational Facilities,Lack of Bike Paths,,,,,
11160050229,,,,,,,,,,,,,None,
11160032419,Flooding,,,Lack of Sidewalks,Lack of Streetlights,Mold or Mildew,,Lack of Parks/Recreational Facilities,Lack of Bike Paths,,,Road Conditions,,
11160024805,Flooding,,,Lack of Sidewalks,Lack of Streetlights,,,Lack of Parks/Recreational Facilities,Lack of Bike Paths,,,Road Conditions,,
11160016253,Flooding,,,Lack of Sidewalks,Lack of Streetlights,,,Lack of Parks/Recreational Facilities,,,Water Pollution,Road Conditions,,
11160007197,,,,Lack of Sidewalks,Lack of Streetlights,,,,,,,,,
11160001373,,,,,,,Lack of Clean Drinking Water,Lack of Parks/Recreational Facilities,,,,,,
11159993452,,,,,,Mold or Mildew,,,,,,,,
11159983528,,,,Lack of Sidewalks,,,,,Lack of Bike Paths,,,,,
11159969440,,,,,,,,,,,,,None,
11159945746,,,,,,,,,Lack of Bike Paths,,Water Pollution,Road Conditions,,Safety issues with existing/designated bike paths
11159915169,,,,,,,,,,,,,,low income
11159874639,,,,Lack of Sidewalks,Lack of Streetlights,Mold or Mildew,,,,,Water Pollution,,,Lack of assistance for disabled people under age 65
11159833224,,,,,,Mold or Mildew,,,,,,,,
11159580546,,,Lack of Access to Healthy Food options,Lack of Sidewalks,,,,,,,,,,
11159545783,,,,,,,,,,,,,None,
11159453494,,,Lack of Access to Healthy Food options,,,,,,,,,,,
11159150368,,,,,Lack of Streetlights,Mold or Mildew,,Lack of Parks/Recreational Facilities,,,,,,
11158603756,,,,,,,,,,,,,None,
11158344605,,,Lack of Access to Healthy Food options,,,,,,,,,,,
11158124724,,,,,,,,,,,,,,n/a
11158114694,,,,,,,,,,,,,None,
11158093972,,,,,,,,,,,,,None,
11158066008,,,Lack of Access to Healthy Food options,,,,,,,,,,,
11158051821,,,,,,Mold or Mildew,,,,,Water Pollution,,,
11158050713,,,Lack of Access to Healthy Food options,,,,,,,,,,,
11158044531,,,,,,,,,,,,,,
11158030580,,,,Lack of Sidewalks,Lack of Streetlights,,,,,,,,,
11158029931,,,,Lack of Sidewalks,,,,,,,,,,
11158017301,,,,,,,,,,,,,None,
11158012615,,Lack of Grocery Stores,Lack of Access to Healthy Food options,,,,,,,,,,,
11158001994,,,Lack of Access to Healthy Food options,,,,Lack of Clean Drinking Water,,,,,,,
11157998657,,,,Lack of Sidewalks,,Mold or Mildew,,,,,,,,
11157992334,,Lack of Grocery Stores,,,,,,,,,,,,
11157984902,,,,Lack of Sidewalks,,Mold or Mildew,,,,,,,,
11157982800,,,,Lack of Sidewalks,,,,,Lack of Bike Paths,,,,,
11157973953,,,,,,,,,,,,,None,
11157960875,,,,,,,,,,,,,None,
11157958204,,,,Lack of Sidewalks,,Mold or Mildew,,,,,,,,red tide
11157946891,Flooding,,,,,,,,Lack of Bike Paths,,Water Pollution,,,
11157929114,,,,,,Mold or Mildew,,,,,Water Pollution,,,
11157907426,,,,,,,,,,,,,,
11157896675,,,Lack of Access to Healthy Food options,,,,,,Lack of Bike Paths,,Water Pollution,,,
11157895116,,,,,,,,,,Air Quality,,,,
11157757028,,,,,,,,,,,,,None,
11157515766,,,,,,Mold or Mildew,Lack of Clean Drinking Water,,,,Water Pollution,,,
11157439953,,,,,,,,,Lack of Bike Paths,,Water Pollution,,,
11157265408,,,,Lack of Sidewalks,,,,,,,,,,
11157108200,,,Lack of Access to Healthy Food options,,,,Lack of Clean Drinking Water,,,,Water Pollution,,,
11157026557,,,,,,,,,,,,,None,
11156931095,,,,Lack of Sidewalks,Lack of Streetlights,,Lack of Clean Drinking Water,Lack of Parks/Recreational Facilities,,,Water Pollution,,,
11156888513,,,,,,Mold or Mildew,Lack of Clean Drinking Water,,,,,,,
11156850466,,,,,,,,,,,,Road Conditions,,
11156829742,,,,,,Mold or Mildew,Lack of Clean Drinking Water,,,Air Quality,,Road Conditions,,
11156806883,,,,Lack of Sidewalks,Lack of Streetlights,,,,,,,,,
11156792191,,,,,,,,,,,,,None,
11156783723,,,,,,,,,,,Water Pollution,Road Conditions,,
11156770507,Flooding,Lack of Grocery Stores,Lack of Access to Healthy Food options,Lack of Sidewalks,Lack of Streetlights,Mold or Mildew,,,,Air Quality,Water Pollution,,,
11156757930,,,,Lack of Sidewalks,,,,Lack of Parks/Recreational Facilities,Lack of Bike Paths,,,,,
11156709964,,,,Lack of Sidewalks,,,,,,,,,,
11156707039,,,,,,,Lack of Clean Drinking Water,,,,,,,
11156688923,,,,,,,,,,,,,None,
11156644663,,,,,,,,,,,,,,
11156634279,,,Lack of Access to Healthy Food options,,,,Lack of Clean Drinking Water,,,,,,,
11156566274,,,,,,,,,,,,,None,
11156546382,,,Lack of Access to Healthy Food options,Lack of Sidewalks,Lack of Streetlights,,Lack of Clean Drinking Water,,,,,,,
11156523841,,,,,,Mold or Mildew,,,,,,,,
11156513419,,,Lack of Access to Healthy Food options,Lack of Sidewalks,,Mold or Mildew,,,,Air Quality,Water Pollution,,,
11156490234,,,,Lack of Sidewalks,,,,,,,,,,
11156465714,,,,,,,,,,,,,None,
11156356164,,,,,,,,,,,,,None,
11156298433,,,,,,,,,,,,,None,
11156206751,,,,,,,,,,,,,None,
11156141518,,,,,,,,,,,,,None,
11154518306,,,,Lack of Sidewalks,,,,,Lack of Bike Paths,,Water Pollution,,,
11154270878,,,,,,,,,,,,,None,
11154243190,,,,Lack of Sidewalks,,,,Lack of Parks/Recreational Facilities,,,,,,
11154230975,,,,,,,,,,,,,None,
11154220690,,,,Lack of Sidewalks,,,,Lack of Parks/Recreational Facilities,Lack of Bike Paths,,,,,Police corruption
11154182451,,,Lack of Access to Healthy Food options,,,Mold or Mildew,Lack of Clean Drinking Water,,,Air Quality,Water Pollution,,,
11154165750,,,,,,Mold or Mildew,,,,,,,,
11154046568,,,,,,,,,Lack of Bike Paths,,,,,
11154032699,,,,,,,,,,,,Road Conditions,,
11154008556,,,,,,,,,,,,,None,
11153960018,Flooding,,,,,,,,,,,,,
11153935110,,,,,,,,,,,,Road Conditions,,
11153928476,,,,,,,,,Lack of Bike Paths,,,,,
11153918810,Flooding,,,Lack of Sidewalks,Lack of Streetlights,,,Lack of Parks/Recreational Facilities,Lack of Bike Paths,,Water Pollution,Road Conditions,,
11153903113,,,,,,Mold or Mildew,,,,,,,,
11153829852,,,,,,,,,,,,,None,
11153766917,,,,Lack of Sidewalks,,,,Lack of Parks/Recreational Facilities,Lack of Bike Paths,,Water Pollution,,,boat/trailer parking at ramps
11152954615,,,,,,,,,,,,,None,
11152946199,,,,,,,Lack of Clean Drinking Water,,,,,,,
11152865758,,,,Lack of Sidewalks,Lack of Streetlights,Mold or Mildew,,,Lack of Bike Paths,,,,,
11152852941,,,,,,,,,,Air Quality,,Road Conditions,,
11152852098,,,,,,,Lack of Clean Drinking Water,,,,,,,
11152789413,,,,Lack of Sidewalks,Lack of Streetlights,,,,Lack of Bike Paths,,,,,
11152725282,,,Lack of Access to Healthy Food options,,,Mold or Mildew,,,,,,,,
11152605929,,,,,,,Lack of Clean Drinking Water,,,,,,,
11152424058,,,,,,,,,Lack of Bike Paths,,,Road Conditions,,
11150856257,,,,Lack of Sidewalks,Lack of Streetlights,,,,,,,,,
11150755946,,,,,Lack of Streetlights,Mold or Mildew,Lack of Clean Drinking Water,,Lack of Bike Paths,,,Road Conditions,,
11150513432,,,,,,,,,,,,,None,
11150490306,,,,Lack of Sidewalks,,,,,,,,,,
11150285615,,,,,,,,,,,,Road Conditions,,
11149917596,,,,Lack of Sidewalks,,,,,,,,,,
11148814111,,,,,,,,,,,,,None,
11148656975,,,,,,,,,,,,,None,
11148417570,,,,,,,,,,,,,None,
11148396475,Flooding,,Lack of Access to Healthy Food options,,Lack of Streetlights,Mold or Mildew,,,,,,Road Conditions,,
11148395089,,,,Lack of Sidewalks,,,,,Lack of Bike Paths,,,,,
11148393012,,,,Lack of Sidewalks,Lack of Streetlights,Mold or Mildew,,Lack of Parks/Recreational Facilities,Lack of Bike Paths,,,,,
11148304045,,,Lack of Access to Healthy Food options,,,,,,,,,Road Conditions,,
11148254681,,,,Lack of Sidewalks,Lack of Streetlights,,,,,,,,,
11148199495,,,,,,,,,,,,,None,
11148183587,,,,,,,,,,,,,None,
11148043130,,,,,,,,,,,,,None,
11148008740,,,,,,Mold or Mildew,,,,,,,,
11147956480,,,,,,,,,,,,,None,
11147949392,,,,,,,,,,,,,None,
11147653510,,,,,,,,,,,,,None,
11147027664,,,,,,Mold or Mildew,,,,,Water Pollution,Road Conditions,,
11146999714,,,,Lack of Sidewalks,,,,,,,,,,
11146654275,,,,,,,,,,,,,None,
11146422242,,,,,,,,,,,,,None,
11145532810,,,,,,,,,,,,,None,
11145322476,,,,,,,,,,,,,None,
11144852296,,,Lack of Access to Healthy Food options,Lack of Sidewalks,,Mold or Mildew,,,,,,,,
11144480699,,,,,,Mold or Mildew,,,,,,,,
11144220820,,,,Lack of Sidewalks,,,,,,,,,,
11144127020,,,,,,,,,,,,,None,
11143736310,,,Lack of Access to Healthy Food options,,,,,,,,,,,
11143612405,,,,,,,,,,,,,None,
11142619722,,,,,,,,,,,,,None,
11142100243,,,,,,Mold or Mildew,Lack of Clean Drinking Water,,,,Water Pollution,,,
11142084354,,,Lack of Access to Healthy Food options,,,Mold or Mildew,,,,,,,,
11142074304,,,,,,,,,Lack of Bike Paths,Air Quality,Water Pollution,,,
11142065350,,,,,,,,,,,,,None,
11142057879,Flooding,,,,,,,,,,,,,
11142049048,,,Lack of Access to Healthy Food options,,,,,,,,,,,
11142041256,,,,,,,,,,,,,None,
11142018502,,,,Lack of Sidewalks,Lack of Streetlights,,,,,,,,,
11141935354,,,,,,Mold or Mildew,,,,,,,,
11141889590,,,,Lack of Sidewalks,Lack of Streetlights,Mold or Mildew,,,Lack of Bike Paths,,,,,
11141752083,,,,,,,,,,,,,None,
11141702367,,,,,,,,,,,,,None,
11141624659,,,,,,,,,,,,,None,
11141615451,,,,,,,,,,,,,None,
11141494985,,,,,,,,,,,,,None,
11141300188,,,,,,,,,,,,,None,
11141222098,,,,Lack of Sidewalks,,Mold or Mildew,,Lack of Parks/Recreational Facilities,Lack of Bike Paths,,Water Pollution,,,
11141189996,,,Lack of Access to Healthy Food options,Lack of Sidewalks,,,,,,,,,,
11140998605,,,,,,,,,,,,,None,
11140985811,,,,,,,Lack of Clean Drinking Water,,,,,,,Affordable housing.
11140913133,Flooding,,,,,,,,,,,,,
11140846801,,,,Lack of Sidewalks,Lack of Streetlights,,,,Lack of Bike Paths,,,Road Conditions,,
11140704603,,,,,,,,,,,,,None,
11140698385,,,,Lack of Sidewalks,,,,,,,,,,
11140698362,,,Lack of Access to Healthy Food options,,Lack of Streetlights,,,,,,,,,
11140419656,,,,,,,,,,,,,None,
11140388179,,,,Lack of Sidewalks,,,Lack of Clean Drinking Water,,Lack of Bike Paths,,,,,
11140355196,,,,,,,,,,,,,None,
11140347387,,,,Lack of Sidewalks,Lack of Streetlights,,,,,,,,,
11140220155,,,,Lack of Sidewalks,Lack of Streetlights,,,Lack of Parks/Recreational Facilities,Lack of Bike Paths,,,,,
11140205095,,,,Lack of Sidewalks,,,,,,,,,,
11140194394,,,,,,,,,,,,,None,
11140192296,,,,,,,,,,,,,,lack of parenting for the school age children
11139150276,,,Lack of Access to Healthy Food options,Lack of Sidewalks,,,,,Lack of Bike Paths,,,,,
11138936139,,,,Lack of Sidewalks,,,,,,,,,,
11138862235,,,,,,,,,,,,,None,
11138743825,,,,,,,,,,,,,None,
11138715314,,,,,,,,,,,,,,
11138592710,,,,,,,,,,,,,None,
11138538785,,,,Lack of Sidewalks,Lack of Streetlights,,,,,,,,,
11138529217,,,,Lack of Sidewalks,Lack of Streetlights,,,,Lack of Bike Paths,,,,,
11138507458,,,,,,,,,,,,,None,
11138498002,,,,,,,,,,,,,None,
11138487982,,,,Lack of Sidewalks,,,,,,,,,,
11138466300,,,,,,,,,Lack of Bike Paths,,,,None,
11138393879,,,,Lack of Sidewalks,,,Lack of Clean Drinking Water,,Lack of Bike Paths,,,Road Conditions,,
11138376727,,,,Lack of Sidewalks,,,,Lack of Parks/Recreational Facilities,Lack of Bike Paths,,,,,
11138316364,,,Lack of Access to Healthy Food options,,,,,,,,,,,
11138313382,,,,,,,,Lack of Parks/Recreational Facilities,,,,Road Conditions,,
11138287555,,,,,,,,,,,Water Pollution,Road Conditions,,
11138224081,,,,,,,,,,,,,None,
11138157561,,,,,,,,,,,,,None,
11138137550,Flooding,,,,,,,,,Air Quality,Water Pollution,,,
11138106278,,,,,,,,,,,Water Pollution,,,
11138045847,,,,,,,,,,Air Quality,Water Pollution,,,
11138019849,,,,,,,,,,,,,None,
11138005454,,,,Lack of Sidewalks,,,,,,,,,,dog friendly parks with nature trails
11137992851,,,,,,,,,,,,,None,
11137989208,,,,,,,,,,,,,None,
11137960114,,,,,,,,,,,,,None,
11137925107,Flooding,,,Lack of Sidewalks,,,,,Lack of Bike Paths,,,,,
11137916021,,,,,,Mold or Mildew,,,,Air Quality,Water Pollution,Road Conditions,,
11137915849,,,Lack of Access to Healthy Food options,,,,Lack of Clean Drinking Water,,,,,,,
11137910097,,,,,,,,,,,,,None,
11137886188,,,,,,Mold or Mildew,,,,,,Road Conditions,,
11137873081,,,,,,,,,,,,,None,
11137848033,,,,,,,,,,,,,None,
11137754131,,,,Lack of Sidewalks,,,,,Lack of Bike Paths,,,,,
11137741790,,,Lack of Access to Healthy Food options,Lack of Sidewalks,Lack of Streetlights,Mold or Mildew,,Lack of Parks/Recreational Facilities,Lack of Bike Paths,Air Quality,Water Pollution,Road Conditions,,parks have lots of predators and drug dealers & pot smokers
11137720527,,,Lack of Access to Healthy Food options,,Lack of Streetlights,Mold or Mildew,,,,Air Quality,Water Pollution,,,
11137712299,,,,,,,,,,,,,None,
11137706303,,,,,,,Lack of Clean Drinking Water,,,,Water Pollution,,,
11137686816,,,,,,,,Lack of Parks/Recreational Facilities,Lack of Bike Paths,,,,,
11137678063,,,,,,,,,,,,,None,
11137657646,,,,,,,,,,,,,None,
11137629966,,,,,,Mold or Mildew,,,,Air Quality,,,,
11137621463,,,,,,,,,,,,,None,
11137547682,,,,,,,,,,,,,,
11137546607,,,,,,,,Lack of Parks/Recreational Facilities,Lack of Bike Paths,,,,,
11137545749,,,,,,,,,,,,,None,
11137542900,,,,Lack of Sidewalks,,Mold or Mildew,,,,,,,,
11137538172,,,,,,,,,,,,Road Conditions,,
11137534789,,,,Lack of Sidewalks,,,Lack of Clean Drinking Water,,,,Water Pollution,,,
11137526471,,,,,,,Lack of Clean Drinking Water,Lack of Parks/Recreational Facilities,,,Water Pollution,,,
11137498875,,,,Lack of Sidewalks,Lack of Streetlights,,,,Lack of Bike Paths,,,Road Conditions,,
11137497087,,,,,,,,,,,,,None,
11137490425,,,,,,,,,,Air Quality,Water Pollution,,,
11137488277,Flooding,,,,,,,,,,Water Pollution,Road Conditions,,
11137482537,,,,Lack of Sidewalks,,Mold or Mildew,,,,,,,,
11137478115,,,,Lack of Sidewalks,,,,,,,,,,
11137477086,,,,Lack of Sidewalks,,,,,,,,,,
11137458593,,,,,,,,,,,,,None,
11137393620,,,,,,,,,,,,,None,
11137392091,,,,,,,Lack of Clean Drinking Water,,,,,,,
11137384639,,,,Lack of Sidewalks,,,,,,,,,,
11137355166,,,,,,,,,,,Water Pollution,,,
11137324489,,,,,,,,,,Air Quality,,,,
11137323791,,,,,,,,,,,,,None,
11137322976,,,,Lack of Sidewalks,,,,,Lack of Bike Paths,,,,,
11137319635,,,,Lack of Sidewalks,Lack of Streetlights,,,,,,,,,
11137309348,,,,Lack of Sidewalks,Lack of Streetlights,,,,,,,Road Conditions,,
11137278716,,,,,,,,,Lack of Bike Paths,,,Road Conditions,,
11137273171,,,,,Lack of Streetlights,,,,,,Water Pollution,,,
11137271754,,,,Lack of Sidewalks,Lack of Streetlights,,,,,,,,,
11137269279,,,,,,,,,,Air Quality,Water Pollution,,,
11137253190,,,,,,,,,,,,,None,
11137246262,,,,Lack of Sidewalks,Lack of Streetlights,,,,Lack of Bike Paths,,,Road Conditions,,
11137244681,,,,,Lack of Streetlights,,,,,,,,,
11137229215,,,,,,,,,,,,,None,
11137226266,,,,Lack of Sidewalks,,,,Lack of Parks/Recreational Facilities,,,,,,
11137221627,,,,Lack of Sidewalks,,,,,,,,,,
11137214994,,,,,,,,,,,,,None,
11137206795,,,,,,,,,,,,,None,
11137203855,,,,Lack of Sidewalks,,Mold or Mildew,,,Lack of Bike Paths,,,Road Conditions,,
11137197785,,,,,,,,,,,,,,"Red Tide along the coast causes labored breathing and coughing, itching throat."
11137189640,,,,,,,,,,,,,None,
11137180438,,,,Lack of Sidewalks,,,,,,,Water Pollution,,,
11137179856,,,,,,,,,,,,,None,
11137168034,,,,Lack of Sidewalks,,,,,,,,,,
11137162033,,,,Lack of Sidewalks,,,,,,,,,,
11137155503,,,,Lack of Sidewalks,,,,,Lack of Bike Paths,,,,,
11137150343,,,,,,,,,,,,,None,
11137147920,,,,,Lack of Streetlights,,,,,,,,,
11137139654,,,,Lack of Sidewalks,Lack of Streetlights,,,,Lack of Bike Paths,,,,,
11137137366,,,,,,,,,,,,,,Red Tide
11137134057,,,,Lack of Sidewalks,,,,,,,,,,
11137129074,,,,,,,,,,,,,None,
11137126379,,,,,,,,,,,,,None,
11137125150,,,,Lack of Sidewalks,Lack of Streetlights,,,Lack of Parks/Recreational Facilities,,,,,,
11137119273,,,,,,,,,,,,,None,
11137113390,,,,,,Mold or Mildew,,,,,,,,
11137113159,,,,,,,,,,,,,None,
11137106222,,,,,,,,,,,,,None,
11137105933,,,,,,,,,,,,,None,
11137104397,,,,Lack of Sidewalks,Lack of Streetlights,,,,,,Water Pollution,,,
11137103951,,,,,,,,,,,,,None,
11137102446,,,,,,,Lack of Clean Drinking Water,,,,,,,
11137088135,,,Lack of Access to Healthy Food options,Lack of Sidewalks,,,,,,,,Road Conditions,,
11137085697,,,,Lack of Sidewalks,Lack of Streetlights,Mold or Mildew,,,Lack of Bike Paths,,,,,
11137082722,,,,,,,,,,,,,None,
11137079779,,,,,,,,,,,,,None,
11137078837,,,,Lack of Sidewalks,,,,,,,Water Pollution,,,Red Tide
11137078151,,,,,,,,,,,,,None,
11137072694,,,,,,,,,,,,,None,
11137067939,,,,,,,,,,,,Road Conditions,,
11137067519,,,,,,,,,,Air Quality,,,,
11137066390,,,,,,,,,,,,,None,
11137065810,Flooding,,,Lack of Sidewalks,Lack of Streetlights,,Lack of Clean Drinking Water,,,Air Quality,Water Pollution,,,
11137065271,,,,,,,,,,,,,None,
11137062434,,Lack of Grocery Stores,Lack of Access to Healthy Food options,Lack of Sidewalks,,,,Lack of Parks/Recreational Facilities,Lack of Bike Paths,,Water Pollution,,,
11137057202,,,,,,,Lack of Clean Drinking Water,Lack of Parks/Recreational Facilities,Lack of Bike Paths,Air Quality,Water Pollution,,,
11137055157,,,,Lack of Sidewalks,,,,,Lack of Bike Paths,,,,,
11137051829,,,,,,Mold or Mildew,Lack of Clean Drinking Water,,,,,,,
11137051255,,,,,,,,,,Air Quality,Water Pollution,,,
11137049306,,,,,,,,,,,,,None,
11137048670,,,,,,,,,,,,,None,
11137045372,,,,,,,,,,,,,None,
11137044019,,,,,,Mold or Mildew,,,,,,,,
11137035274,,,,,,,,,,,,,None,
11137034761,,,,Lack of Sidewalks,,,,,,,,,,
11137032978,,,,Lack of Sidewalks,Lack of Streetlights,,,Lack of Parks/Recreational Facilities,Lack of Bike Paths,,Water Pollution,,,
11137028862,Flooding,,,Lack of Sidewalks,Lack of Streetlights,,,,,,,Road Conditions,,Cost of healthy food
11137022470,,,,,,,,,,,,,None,
11137020986,,,,,,,,,,,,,None,
11137017264,,,,Lack of Sidewalks,,,,,,,,,,
11137010616,,,,,,,,Lack of Parks/Recreational Facilities,,,,,,
11137009190,,,,Lack of Sidewalks,,,,,Lack of Bike Paths,,,,,
11137001398,,,,Lack of Sidewalks,Lack of Streetlights,,,,,,,,,
11136998009,,,,,,,,,,,,,None,
11136996319,,,,Lack of Sidewalks,,,,,,,,Road Conditions,,
11136989188,,,,Lack of Sidewalks,,,,,,,,,,
11136977073,,,,,,,,,,,,,None,
11136972642,,,,,,,,,,,Water Pollution,,,
11136966719,,,,,,,,,,,,,None,
11136962243,,,,Lack of Sidewalks,,Mold or Mildew,,,Lack of Bike Paths,,,,,
11136961866,,,Lack of Access to Healthy Food options,Lack of Sidewalks,Lack of Streetlights,,,Lack of Parks/Recreational Facilities,Lack of Bike Paths,,,,,
11136959430,,,,,,,,,,,,,None,
11136957508,,,,,,Mold or Mildew,,,,,,,,
11136949762,,,,,,,,,,,,,None,
11136949282,,,,,,,,,,,,,None,
11136947817,,,,,,,,,,,,,None,
11136943624,,,,,,,,,,,,,None,
11136942467,,,,,,,,,,,,,,
11136939265,,,,,,,,,,,,,,
11136938345,,,,,,,,,,,,,None,
11136933756,,,,,,,,,Lack of Bike Paths,,,,,
11136929606,,,,,,,,,,,,,None,
11136928200,,,,,,,,,,,,,None,
11136925399,,,,,,,,,Lack of Bike Paths,,,,,
11136922560,,,,,,,,,,,,,None,
11136921897,,,,,,,,,,,,,None,
11136914706,,,,Lack of Sidewalks,,,,,Lack of Bike Paths,,,,,
11136913683,,,,,,,,,,,,,,
11136911984,,,,,,,,,,,,,None,
11136911694,,,,,,,,,,,,,None,
11136910108,,,,,,,,,,,,,None,
11136907052,,,,,,,,,,,,,None,
11136905064,,,,,,,,,,Air Quality,Water Pollution,,,
11136903223,,,,Lack of Sidewalks,Lack of Streetlights,,,,Lack of Bike Paths,,,,,
11136901693,,,,Lack of Sidewalks,,,,,Lack of Bike Paths,,,Road Conditions,,
11136901330,,,,,,,,,,,,,,
11136897266,,,,,,,,,,,,,None,
11136894826,,,,Lack of Sidewalks,,,,,,,Water Pollution,,,
11136894754,,,,Lack of Sidewalks,,,,,,,,,,
11136891896,,,,,,,,,,Air Quality,Water Pollution,,,
11136891159,,,,,,,,,,,,,None,
11136888889,,,,Lack of Sidewalks,,Mold or Mildew,,,Lack of Bike Paths,Air Quality,,Road Conditions,,
11136887792,,,,Lack of Sidewalks,,,,,,,,,,
11136887703,,,Lack of Access to Healthy Food options,Lack of Sidewalks,,,,Lack of Parks/Recreational Facilities,Lack of Bike Paths,,Water Pollution,Road Conditions,,
11136887637,,,,,,,,,,,,,None,
11136885974,,,,,,,,,,,,,None,
11136882740,,,,Lack of Sidewalks,,Mold or Mildew,,,,,,,,
11136882470,,,,,,,,,,,Water Pollution,,,
11136880612,,,,,Lack of Streetlights,,,,,,,,,
11136880559,,,,,,,,,,,,,,Need a sidewalk/bike path along Taylor Road between wawa and downtown.
11136880440,,,Lack of Access to Healthy Food options,Lack of Sidewalks,,,,,,,,,,
11136876890,,,,,,,,,,,,,None,
11136873488,,,,Lack of Sidewalks,Lack of Streetlights,Mold or Mildew,,,,,,,,
11136872757,,,,,,,,,,,,,None,
11136869774,,,Lack of Access to Healthy Food options,,,Mold or Mildew,,,,,,,,
11136869415,,,,,,,,,,,,,,
11136868205,,,,,,,,,Lack of Bike Paths,,,,,
11136868180,,,,,,,,,,,,Road Conditions,,
11136867502,,,,,,,,,,,,,None,
11136866712,,,Lack of Access to Healthy Food options,Lack of Sidewalks,Lack of Streetlights,,,,Lack of Bike Paths,,,,,
11136863703,,,,Lack of Sidewalks,Lack of Streetlights,,,Lack of Parks/Recreational Facilities,,Air Quality,,,,
11136862974,,,,,,,,,,,,,None,
11136862588,,,,,,,,,,,,,None,
11136862057,,,,,,Mold or Mildew,,,,,Water Pollution,,,
11136859429,,,,Lack of Sidewalks,Lack of Streetlights,,,,,,,,,
11136857682,,,,,,,,,,,,,None,
11136857642,,,,,,,,,,,,,None,
11136857290,,,,Lack of Sidewalks,Lack of Streetlights,,,,Lack of Bike Paths,,,Road Conditions,,
11136856698,,,,,Lack of Streetlights,,Lack of Clean Drinking Water,,,,,Road Conditions,,
11136856058,,,,,,,,,,,Water Pollution,,,
11136854536,,,,Lack of Sidewalks,Lack of Streetlights,Mold or Mildew,,,,Air Quality,Water Pollution,,,Stress
11136853806,,,,,,,,,,,,,None,
11136852442,,,,Lack of Sidewalks,,,,,,,,,,
11136850845,,,,,,,,,,,,,None,
11136848277,,,,,,,,,,,,,None,
11136847230,,,,,,,,,,,,,None,
11136846678,,,,,,,,,,,Water Pollution,,,
11136716294,,,,,Lack of Streetlights,,Lack of Clean Drinking Water,,,Air Quality,Water Pollution,Road Conditions,,
11136582696,,,,,,,,,,,,,None,
11135885066,,,,Lack of Sidewalks,,,,,,,,,,
11135847177,,,,Lack of Sidewalks,Lack of Streetlights,,,,,,,,,
11135844893,,,,,,,,,,,,,None,
11135725170,,,,,,Mold or Mildew,,,,,,,,
11135723825,,,,,,,,,,,,,None,
11135361559,,,Lack of Access to Healthy Food options,,,,,,,,,,,
11135337524,,,Lack of Access to Healthy Food options,Lack of Sidewalks,Lack of Streetlights,,,,,,,,,
11134266915,,,,,,,,,,,,,None,
11134053340,,,,,,,,,,Air Quality,,,,
11133960112,,,,Lack of Sidewalks,,,,,,,,Road Conditions,,
11133846050,,,,,,,,,,,,,None,
11133831339,,,,,,,,,,,,,None,
11133776748,,,,,,,,,,,,Road Conditions,,
11133720675,,,,Lack of Sidewalks,Lack of Streetlights,,,,,,,,,
11132490960,,,Lack of Access to Healthy Food options,Lack of Sidewalks,,,,,,,,,,
11132439930,,,,,,Mold or Mildew,,,,,Water Pollution,Road Conditions,,
11132293435,,,,,,Mold or Mildew,Lack of Clean Drinking Water,,,,Water Pollution,,,
11132278959,,,,,,,,,,,,,None,
11131228070,,,Lack of Access to Healthy Food options,,,,,,,,,,,
11129974751,,,,,,Mold or Mildew,,,,,,,,
11129954385,,,,Lack of Sidewalks,,,,,Lack of Bike Paths,,,,,
11129761694,,,,,,,,,,,Water Pollution,,,
11129747416,,,,,,,,,,,,,None,
11129603299,Flooding,,,,,,,,Lack of Bike Paths,Air Quality,Water Pollution,,,
11129592957,,,Lack of Access to Healthy Food options,,,,Lack of Clean Drinking Water,,,Air Quality,Water Pollution,Road Conditions,,
11129584688,,,,Lack of Sidewalks,Lack of Streetlights,,,,Lack of Bike Paths,,,,,
11129574311,,,,Lack of Sidewalks,,Mold or Mildew,,Lack of Parks/Recreational Facilities,Lack of Bike Paths,,,,,
11129574281,,,,,,,,,,,,Road Conditions,,
11129563657,,,,Lack of Sidewalks,Lack of Streetlights,Mold or Mildew,,,,,,,,
11129552498,,,,,,,,,,,,,None,
11129545774,,,,Lack of Sidewalks,,,,,Lack of Bike Paths,,,,,
11129540797,,,,,Lack of Streetlights,,,,,,,,,
11129532913,,,,,,,,,,,,,None,
11129523739,,,,,,,,Lack of Parks/Recreational Facilities,Lack of Bike Paths,,,Road Conditions,,
11129512504,,,,,,,,,,,,,None,
11129468806,,,,,,,,,,,,,None,
11129398036,,,,Lack of Sidewalks,Lack of Streetlights,,,,,,Water Pollution,,,
11129285910,,,,,,,Lack of Clean Drinking Water,,,,Water Pollution,Road Conditions,,
11128857166,,,,,,,,,,,,,None,
11128840140,,,,,,,,,,,,,None,
11128584788,,,,Lack of Sidewalks,Lack of Streetlights,,,Lack of Parks/Recreational Facilities,,,,,,
11128582891,,,,,,,,,,,,,None,
11128504549,,,,,,,,,,,,,None,
11128388177,,,,,,,,,,,,,None,
11128346916,,,,,,,,,,,,,,Red Tide and Algae
11128320949,,,,Lack of Sidewalks,Lack of Streetlights,,,,Lack of Bike Paths,,,,,
11127986001,,,,,,,,,,,,,None,
11127057939,,,Lack of Access to Healthy Food options,Lack of Sidewalks,,,Lack of Clean Drinking Water,,Lack of Bike Paths,Air Quality,Water Pollution,Road Conditions,,
11126670689,,,,,,,,,,,,,None,
11126574267,Flooding,,,Lack of Sidewalks,,,,,,,,Road Conditions,,
11126531114,,,,,,,,,,,,,None,
11126456021,,,,,,,,,,,,,None,
11126413787,,,,,,,,,,,,,None,
11126303848,,,,,,,,,,,,,None,
11126297936,,,,,,,,,,,,,None,
11126081921,,,,Lack of Sidewalks,,,,,,,,,,
11126004524,,,,Lack of Sidewalks,,,,,,,,,,bugs
11125875565,,,Lack of Access to Healthy Food options,,,,,,Lack of Bike Paths,,,Road Conditions,,
11125872405,,,,,,,Lack of Clean Drinking Water,,,,Water Pollution,,,
11125819783,,,,,,,,,,,,,None,
11125758261,,,,,,,,,Lack of Bike Paths,,Water Pollution,,,
11125622848,,,,Lack of Sidewalks,Lack of Streetlights,,,,,,,,,
11125601473,,,,Lack of Sidewalks,Lack of Streetlights,,,,Lack of Bike Paths,,,Road Conditions,,
11125592878,,,,,,,,Lack of Parks/Recreational Facilities,,,,,,
11125586368,,,,,,,,,,,,,None,
11125572387,,,,Lack of Sidewalks,,,,,,,,,,
11125571753,,,Lack of Access to Healthy Food options,Lack of Sidewalks,,,Lack of Clean Drinking Water,,Lack of Bike Paths,,,,,
11125544806,,,Lack of Access to Healthy Food options,Lack of Sidewalks,Lack of Streetlights,,,,,,,,,
11125523914,,,,,,,,,,,,,None,
11125488916,,,,,,,,,,,Water Pollution,,,
11125456862,,,Lack of Access to Healthy Food options,,,Mold or Mildew,,,,,Water Pollution,,,
11125422100,,,,Lack of Sidewalks,,,,,,,,Road Conditions,,
11125410518,,,,,,,,,,,,,None,
11125401288,,,,,,Mold or Mildew,,,Lack of Bike Paths,,,,,
11125377269,,,,Lack of Sidewalks,Lack of Streetlights,,,,,,,,,
11125352840,,,,,,,,,,,,,None,
11125347189,,,,,,,,,,,,,None,
11125250741,,,,,,,,,,,,,None,
11125224192,,,,,,,,,,,,,None,
11125192223,,,,,,,,,,,,,None,
11125064026,,,,,,,,,,,,,None,
11124853402,,,,,,,,,,,,,None,
11124633705,,,,,,,,,,,,,None,
11123980223,,,,,,,,,,,,,None,
11123785009,,,,,,,,,,,,,None,
11123703457,,,,Lack of Sidewalks,Lack of Streetlights,,,Lack of Parks/Recreational Facilities,,,,Road Conditions,,
11123462161,,,,,,Mold or Mildew,,,,,,,,
11123447697,,,,,,,,,Lack of Bike Paths,,,,,
11123434098,,,,Lack of Sidewalks,,,,,,,,Road Conditions,,
11123316889,,,Lack of Access to Healthy Food options,Lack of Sidewalks,Lack of Streetlights,Mold or Mildew,,,Lack of Bike Paths,,,,,
11123171749,,,,,,,,,,,,,None,
11123044482,,,,,,,,,,,,Road Conditions,,
11123018737,Flooding,,Lack of Access to Healthy Food options,,,,,Lack of Parks/Recreational Facilities,,,Water Pollution,Road Conditions,,
11122999070,,,,Lack of Sidewalks,Lack of Streetlights,,,,Lack of Bike Paths,,Water Pollution,,,
11122993145,,,Lack of Access to Healthy Food options,,,,Lack of Clean Drinking Water,,,,,,,
11122935228,,,,Lack of Sidewalks,,,,,,,,,,
11122889718,,,,,Lack of Streetlights,,,,,,Water Pollution,,,
11122856747,,,,,,,,,,,,,None,
11122856621,,,,,,,,,,,,,,
11122806141,,,,,,Mold or Mildew,Lack of Clean Drinking Water,,,,Water Pollution,,,
11122782218,,,,,,Mold or Mildew,,,,,,Road Conditions,,
11122296674,,,,,Lack of Streetlights,,,,,,,,,
11122279026,,,,,,,,,,,,,None,
11122172772,,,,,,,,,,,,Road Conditions,,
11122171297,,,,,,,,,,,,,None,
11122108015,,,,,,,,,,,,,None,
11122012255,,,,Lack of Sidewalks,Lack of Streetlights,,,,,,Water Pollution,,,
11121874765,,,,,,,,,,Air Quality,Water Pollution,Road Conditions,,
11121849445,,,,,,,,,,,,,None,
11121823589,,,,,,,,,,,Water Pollution,,,
11121638908,,Lack of Grocery Stores,Lack of Access to Healthy Food options,Lack of Sidewalks,Lack of Streetlights,,Lack of Clean Drinking Water,,Lack of Bike Paths,,Water Pollution,Road Conditions,,
11121588719,,,,,,,,Lack of Parks/Recreational Facilities,,,Water Pollution,,,
11120674565,,,,,,,Lack of Clean Drinking Water,,,,Water Pollution,,,
11120671382,,,,Lack of Sidewalks,,,,,Lack of Bike Paths,,,,,
11120476955,,,,,,Mold or Mildew,,,Lack of Bike Paths,Air Quality,,,,
11120468306,,,Lack of Access to Healthy Food options,,,,Lack of Clean Drinking Water,,,,,,,
11120215588,,,,,,,,,Lack of Bike Paths,,,,,
11120191926,,,,,,,,,,,,,,
11120158186,,,,,,,,,,,,,None,
11120105416,,,,,,,,,,,,,None,
11120067850,,,,,,,,,,Air Quality,,,,
11120041440,,,,,Lack of Streetlights,,,,,,,,,
11120041025,,,,,,,,,,,,,None,
11119977369,,,,,,,,,,Air Quality,Water Pollution,,,red tide
11119866351,,,,,,,,Lack of Parks/Recreational Facilities,Lack of Bike Paths,,,,,
11119724043,,,,,,,,,,,,,None,
11119712814,,,,,,,,,,,,Road Conditions,,
11119696245,,,,,,,,,,,,,,
11119648396,,,,Lack of Sidewalks,,,,,,,,Road Conditions,,
11119559932,,,,,,,,,,,,,None,
11119509989,,,,,,,,,,,,,None,
11119498190,,,,,,,,,,,,,,
11119343012,,,,,,,,,,,,,,Lack of public transportation
11119289452,,,,,,,,,,,,,None,
11119271603,,,,,,,,,,,,Road Conditions,,
11119215442,,,Lack of Access to Healthy Food options,Lack of Sidewalks,,,Lack of Clean Drinking Water,,,Air Quality,,,,
11119209931,,,,,,,,,Lack of Bike Paths,,,,,
11119204970,,,,,,,,,,,,,None,
11119189278,,,,,,,,Lack of Parks/Recreational Facilities,,,Water Pollution,,,
11119182462,,,,Lack of Sidewalks,,,,,Lack of Bike Paths,,,,,
11119179933,,,,,,,,,,,,,None,
11119107609,,,,Lack of Sidewalks,,,,,,,,,,
11119049967,,,,,,,,,,,,,None,
11119010835,,,,,,,,,Lack of Bike Paths,,,Road Conditions,,
11118954293,,,,,,,,,,,,,None,
11118950061,,,,,,,,,,,,,None,
11118932608,,,Lack of Access to Healthy Food options,,,,,,,Air Quality,,,,
11118894730,,,,Lack of Sidewalks,,,,,,,,,,
11118842565,,,,,,,,,,Air Quality,Water Pollution,Road Conditions,,
11118830744,,,,,,,,,,,,,None,
11118804913,,,,,,,,,,,,,None,
11118803029,,,,,,,,,,,,,None,
11118800781,,,,Lack of Sidewalks,,,,,,,,,None,
11118788504,,,,Lack of Sidewalks,Lack of Streetlights,,,,Lack of Bike Paths,,,Road Conditions,,
11118709434,,,,,,,,,,,,,None,
11118399737,,,,,,,,,,,,,None,
11117616151,,,,Lack of Sidewalks,,,,Lack of Parks/Recreational Facilities,,,,,,
11117411846,,,,,,,,,,,,Road Conditions,,
11117275062,,,,Lack of Sidewalks,,,,,,,,,,
11117233327,,,,Lack of Sidewalks,Lack of Streetlights,,,Lack of Parks/Recreational Facilities,Lack of Bike Paths,,,,,
11117197373,,,Lack of Access to Healthy Food options,Lack of Sidewalks,,Mold or Mildew,,,Lack of Bike Paths,,,Road Conditions,,
11117121456,,,,,,,,,,,,,None,
11116925653,,,,,,,,,,,,,,
11116924227,,,,,,,,,,,,,None,
11116813102,,,,,,,,,,,,,None,
11116795862,,,,Lack of Sidewalks,,,,,,,Water Pollution,,,
11116788309,,,,,,,,,,,,,,
11116776059,,,,Lack of Sidewalks,,,,,,,,,,
11116772381,,,,,,,Lack of Clean Drinking Water,,,,,,,
11116771726,,,,,,,,,,,,Road Conditions,,
11116768354,,,,,,,,,,,,,None,
11116759619,,,,,,,,,,,,,,Lack of walking areas away from cars and exhaust
11116745208,,,,,,,,,,,Water Pollution,,,
11116729193,,,,,,,,,,,,,None,
11116713096,,,,,Lack of Streetlights,,,,,,Water Pollution,,,
11116619679,,,,,,,,,,,,,None,
11116593574,,,,Lack of Sidewalks,Lack of Streetlights,,,,,,,,,
11116544649,,Lack of Grocery Stores,,Lack of Sidewalks,,,,,,,Water Pollution,,,
11116481652,,,,,,,,,,,,,None,
11116422475,,,,Lack of Sidewalks,,,,,Lack of Bike Paths,,,,,
11116421816,,,Lack of Access to Healthy Food options,,,,,,,,,Road Conditions,,
11116370205,,,,,,,,,,,,,None,
11116261907,,,,,,,,,,,,,None,
11116105968,,,,Lack of Sidewalks,,,,Lack of Parks/Recreational Facilities,Lack of Bike Paths,,,Road Conditions,,Heat and Humidity
11115955822,,,,,Lack of Streetlights,,,,,,,,,
11115949717,,,,,,,,,,,,,None,
11115752012,,,,Lack of Sidewalks,,,,,,,,,,
11115735738,,,,Lack of Sidewalks,,,,,Lack of Bike Paths,,,,,
11115729508,,,,,,,,,,,Water Pollution,,,
11115682638,,,,,,,,,,,,,None,
11115669651,,,,,,,,,Lack of Bike Paths,,,,,
11115567930,,,,,,,,,,,,,None,
11115536608,,,,,,,,,,,,,None,
11115486267,,,Lack of Access to Healthy Food options,,,,,,,,,,,
11115439722,,,,,,,,,,,,,None,
11115370513,,,,,,,,,,,,,,
11115340578,,,,Lack of Sidewalks,,,,,Lack of Bike Paths,,Water Pollution,,,
11115332790,,Lack of Grocery Stores,,,,,,,,,,,,LACK OF QUALITY GROCERY STORE SUCH AS WHOLE FOODS
11115300587,,,Lack of Access to Healthy Food options,Lack of Sidewalks,Lack of Streetlights,,,,,,,,,
11115254272,,,,Lack of Sidewalks,Lack of Streetlights,,,,,,,,,
11115230842,,,,,,,,,,,,,None,
11115193467,,,Lack of Access to Healthy Food options,,,Mold or Mildew,Lack of Clean Drinking Water,,,Air Quality,Water Pollution,,,
11115066582,,,,,,,,,,,,,None,
11115050911,,,,,,,,,,,,,None,
11115045082,,,,,,,,,,,,,None,
11115025839,,,,Lack of Sidewalks,,Mold or Mildew,Lack of Clean Drinking Water,,Lack of Bike Paths,,Water Pollution,,,
11114678691,,,,,,,,,,,,,None,
11114605368,,,,,,,,,,,,,None,
11114462314,,,Lack of Access to Healthy Food options,,,,Lack of Clean Drinking Water,,,,Water Pollution,,,
11114429192,,Lack of Grocery Stores,,Lack of Sidewalks,,,,,,,,,,
11114412473,,,,Lack of Sidewalks,Lack of Streetlights,,,,,,,,,
11114367453,,,,,,,,,,,,,None,
11114353545,,,,,,,Lack of Clean Drinking Water,,,,,,,
11114328622,,,,,,,,,,,,,None,
11114281395,,,Lack of Access to Healthy Food options,,Lack of Streetlights,,,,,,Water Pollution,Road Conditions,,
11114279405,,,Lack of Access to Healthy Food options,Lack of Sidewalks,Lack of Streetlights,,Lack of Clean Drinking Water,,,,,,,
11114271139,,,Lack of Access to Healthy Food options,,,,,Lack of Parks/Recreational Facilities,,,Water Pollution,,,
11114266186,,,,Lack of Sidewalks,Lack of Streetlights,,Lack of Clean Drinking Water,,,,,,,
11114242599,,,,,,,,,,,,,,
11114095824,,,,,,,,,,,,,,
11114042329,,,,Lack of Sidewalks,Lack of Streetlights,,,,,,,,,
11114029226,,,,Lack of Sidewalks,,,,,,,,,,
11114013802,,,,,,,,,,,,,None,
11113991418,,,,,,,Lack of Clean Drinking Water,,,,,,,
11113921709,,,,,,Mold or Mildew,,,,,Water Pollution,,,
11113911635,,,,Lack of Sidewalks,,Mold or Mildew,,Lack of Parks/Recreational Facilities,,,,,,Wheelchair accessibility
11113810584,,,,,,,,,,,,,None,
11113637652,,,,Lack of Sidewalks,Lack of Streetlights,,,,,,Water Pollution,,,
11113556927,,,,,,,,,Lack of Bike Paths,,,,,
11113527033,,,,,,,,,,,,,,
11112871762,,,,Lack of Sidewalks,,,,,,,Water Pollution,,,
11112677808,,,,,,,,,,,,,None,
11112533865,,,,,,,,,,,Water Pollution,,,
11112417093,,,,,,,,,,,,,None,
11112253781,,,,,,,,,,,,,None,
11111676801,,,,,Lack of Streetlights,,,,,,,,,algae in beach water
11111198079,,,,,,,,,,,,,None,
11110981194,,Lack of Grocery Stores,Lack of Access to Healthy Food options,Lack of Sidewalks,,,,Lack of Parks/Recreational Facilities,Lack of Bike Paths,Air Quality,Water Pollution,Road Conditions,,
11110973152,,,,,Lack of Streetlights,,,,,,,,,
11110948818,,,,Lack of Sidewalks,,,,,Lack of Bike Paths,,,,,
11110943299,,,,,,Mold or Mildew,,,,Air Quality,,,,
11110937445,,,Lack of Access to Healthy Food options,,,,,,,,,,,
11110918206,,,,Lack of Sidewalks,,,,,Lack of Bike Paths,,,,,
11110701937,,,,Lack of Sidewalks,Lack of Streetlights,,,,,,,,,
11110666910,,,,Lack of Sidewalks,,,,Lack of Parks/Recreational Facilities,Lack of Bike Paths,,,,,
11110625380,,,,,,,,,,,,Road Conditions,,
11110621598,,,,,,,,,,,,,None,
11110618340,,,,Lack of Sidewalks,Lack of Streetlights,,,,,,,,,
11110612155,,,,,,,,,,,,,,
11110611692,,,,,,,,,,,,,None,
11110603225,,,,Lack of Sidewalks,,Mold or Mildew,Lack of Clean Drinking Water,,,,,,,
11110586299,,,,Lack of Sidewalks,,Mold or Mildew,Lack of Clean Drinking Water,,Lack of Bike Paths,Air Quality,,,,
11110574912,,,,Lack of Sidewalks,Lack of Streetlights,,,,Lack of Bike Paths,,,,,
11110571624,,,,,,Mold or Mildew,Lack of Clean Drinking Water,,,,,,,
11110491918,,,,,,,,,,,,,None,
11110460119,,,,,,,,,,,,,None,
11110455369,,Lack of Grocery Stores,,,,,,,,,Water Pollution,Road Conditions,,
11110444641,,,,,,,,,,,,,None,
11110425402,,,,,,,,,,,,,None,
11110419232,,,,,,,,,,,,,None,
11110412819,,,,Lack of Sidewalks,,,,Lack of Parks/Recreational Facilities,Lack of Bike Paths,,,,,
11110404906,,,,,,,,,,,,,None,
11110400331,,,,,,,,,,,Water Pollution,,,RED TIDE!
11110398109,,,Lack of Access to Healthy Food options,,,Mold or Mildew,,,,,Water Pollution,,,
11110391351,,,,,,Mold or Mildew,,,,,,Road Conditions,,
11110389513,,,,,,Mold or Mildew,,,,,,,,
11110385056,,,,,,,,Lack of Parks/Recreational Facilities,,,,,,
11110378346,,,,,,,,,,,,,None,
11110360925,,,,,,,,,,,,Road Conditions,,
11110355624,,,,,,,,,,,,,None,
11110350088,,,,,,,,,,,,,None,
11110337833,,,,Lack of Sidewalks,Lack of Streetlights,,,,,,,,,The way the law enforcement and the general civilan community acts against veterans after we come home to post civilian life based on how we look.
11110315496,,,,,,,,,,,,,None,
11110314693,,,,,,,,,,,,,,healthy food options being pricey
11110298571,,,,,,,,,,,,,None,
11110288238,,,,,,,,,,,,,None,
11110275590,,,,Lack of Sidewalks,,,,,,,,,,
11110270658,,,,,,,,,,,,,None,
11110252264,,,,,,,,,,,,,None,
11110241747,,,Lack of Access to Healthy Food options,,,,,,,,,,,
11110229501,,,,,,,,,Lack of Bike Paths,,,Road Conditions,,
11110219602,,,,,,,,,,,,,None,
11110183899,,,,,,,,,,,,,None,
11110171884,,,,,,,,,,,,,None,
11110159024,,,,,,,,,,,,,None,
11109221669,,,,,,,,,,,,,None,
11109079615,,,,,,,,,,,Water Pollution,,,
11108887200,,,,,,,,,,,,,None,
11108835574,,,,,,,,,,,,,None,
11108428099,,,Lack of Access to Healthy Food options,,,,Lack of Clean Drinking Water,,,,Water Pollution,,,
11108061724,,,,,,,,,,,,,None,
11108019811,,,,,Lack of Streetlights,,,Lack of Parks/Recreational Facilities,Lack of Bike Paths,,,,,
11107712672,,,,,,,Lack of Clean Drinking Water,,,,Water Pollution,,,
11107537628,,,,,,,,,,,,,None,
11107500544,,,,Lack of Sidewalks,,,,Lack of Parks/Recreational Facilities,,,,,,
11107423044,,,,Lack of Sidewalks,,Mold or Mildew,Lack of Clean Drinking Water,,,Air Quality,Water Pollution,,,
11105126060,,,Lack of Access to Healthy Food options,,,,,,,,,,,
11104818860,,,Lack of Access to Healthy Food options,,,,,,,,,,,
11104785855,,,,Lack of Sidewalks,,,Lack of Clean Drinking Water,,,,,,,
11104720324,,,,,,,,,,,,,None,
11104713519,,,,,,,,,,,,,,These areas should not be a consideration for tax based health related services
11104400961,,,Lack of Access to Healthy Food options,,,,,,,,,,,
11104346556,,,,,,,,,Lack of Bike Paths,,,,,
11104339895,,,,,,,,,,,,,None,
11104237451,,,,,,,,,,,,,None,
11104219068,,,,Lack of Sidewalks,,,,,Lack of Bike Paths,,,,,
11104011162,,,,,,,,,,,,,None,
11102466994,,,,Lack of Sidewalks,Lack of Streetlights,Mold or Mildew,,,Lack of Bike Paths,,,,,
11102466724,,,,,,,,,,,,,None,
11102434313,,,,,,,,,,,,Road Conditions,,
11102325647,,,Lack of Access to Healthy Food options,Lack of Sidewalks,,,,,,Air Quality,Water Pollution,,,
11102276269,,,,,,,,,,,,,,
11102244388,,,,,,,,,,Air Quality,Water Pollution,,,
11102151336,,,,,,,,,,,,,,Water quality and our beaches and water ways
11102143346,,,,,,,,,,,,,None,
11102107869,,,,Lack of Sidewalks,,Mold or Mildew,,Lack of Parks/Recreational Facilities,,,Water Pollution,,,
11102100247,,,,,,,,,,,,,None,
11102082237,,,,,,,,,,,,,None,
11102065324,,,,,Lack of Streetlights,,,,Lack of Bike Paths,,,,,
11102056462,,,,,,,,,,,,,None,
11102048481,,,,,,,,,,,,,None,
11102040776,,,,,,,,,,,,,None,
11101855652,,,Lack of Access to Healthy Food options,,,,,,,,,,,
11101838383,,,,,,,,,,,,,None,
11101804749,,,,,,,,,,,,,None,
11101798549,,,,,,,,,,,,,None,
11101785276,,,,,,,,,,,,,None,
11101784122,,,,,,,,,,,,,None,
11101739923,,,,,,,,,,,,,None,
11101689856,,,,,,,,,,,,,None,
11101632162,,,,,,,,,,,,,None,
11101624453,,,,Lack of Sidewalks,,,,,Lack of Bike Paths,,,,,
11101612395,,,,,,,,,,Air Quality,,,,air pollution
11101367995,,,,Lack of Sidewalks,Lack of Streetlights,,,,Lack of Bike Paths,,,,,
11101302154,,,,,,,,,,,,,None,
11101191126,,,,,,,,,,Air Quality,,,,
11101136416,,,,Lack of Sidewalks,,,Lack of Clean Drinking Water,,,,,,,
11101127275,,,,,,,,,,,,,None,
11101116884,,,,,,,,,,,,,None,
11101096270,,,,,,,,,,,,,None,
11101086267,,,,,Lack of Streetlights,Mold or Mildew,,,,,Water Pollution,,,
11101084010,,,,Lack of Sidewalks,,,,,,,Water Pollution,,,
11101077356,,,,,,,,,,,,,None,
11101069939,,,,,,,,,,,,,None,
11101061594,,,,,,,,,,,Water Pollution,Road Conditions,,Lack of food choices that is more affordable
11100878408,,,,,,,,,,Air Quality,Water Pollution,,,
11099422949,,,,,,,,,,,,,None,
11099413239,Flooding,,,,,,Lack of Clean Drinking Water,,,,Water Pollution,,,
11099404994,,,,,,,,,,,,,None,
11099402041,,,,,,,,,,,,,None,
11099390340,,,,,,,,,,,,,,n/a
11099382423,,,,,,,,,,,,,None,
11099374892,,,Lack of Access to Healthy Food options,,,,,,,,,,,
11099281879,,Lack of Grocery Stores,,,,Mold or Mildew,,,,,,,,
11099264739,,,,Lack of Sidewalks,,,,,Lack of Bike Paths,,,,,
11099253577,,,,,,Mold or Mildew,,,,,,,,
11099112454,,,,Lack of Sidewalks,Lack of Streetlights,Mold or Mildew,Lack of Clean Drinking Water,Lack of Parks/Recreational Facilities,Lack of Bike Paths,Air Quality,Water Pollution,Road Conditions,,
11098763900,,,,,,,,,,,,,None,
11098658430,,Lack of Grocery Stores,Lack of Access to Healthy Food options,,,,,,,,,Road Conditions,,
11098489263,,,,,,,,,,,,,,
11098041921,,,,,,,,,,,,,,
11097954232,,,,,,,,,,,,,None,
11097070634,,,,Lack of Sidewalks,Lack of Streetlights,,,,,,,,,increase homeless population
11096825795,,,,,,,Lack of Clean Drinking Water,,,Air Quality,Water Pollution,Road Conditions,,
11095985800,,,,,,,,,,,,,None,
11095768072,,,,,,Mold or Mildew,,,,,,,,
11095716349,,Lack of Grocery Stores,,Lack of Sidewalks,,,,Lack of Parks/Recreational Facilities,Lack of Bike Paths,,,,,"I must drive 20-35 minutes to get to the closest anything -- library, groceries, drugs, doctors, dentists the hospital..."
11095520990,,,Lack of Access to Healthy Food options,,,,,,,,Water Pollution,,,
11094680315,,,,,,,Lack of Clean Drinking Water,Lack of Parks/Recreational Facilities,,Air Quality,Water Pollution,Road Conditions,,
11094662841,,,,,,,,,,,,,None,
11094510771,,,Lack of Access to Healthy Food options,,,,,,,,,,,
11094155594,,,,,Lack of Streetlights,,,,,,Water Pollution,,,
11093921002,,,,,,,,,,,,,None,
11093843703,,,,,,,,,,,,,None,
11093678186,,,,Lack of Sidewalks,Lack of Streetlights,,,,,,,,,
11093632526,,,,,,,,,,,,,None,
11093457011,,,,Lack of Sidewalks,,,,,,,,,,
11093147355,,,,,,,,,,,,,None,
11093145563,,,Lack of Access to Healthy Food options,Lack of Sidewalks,Lack of Streetlights,,Lack of Clean Drinking Water,,,,,,,
11093052831,,,,,,,,,,,,,None,
11093035061,,,,,,,,,,,,,None,
11092933138,,,,,,,,,,,,,None,
11092334467,,Lack of Grocery Stores,Lack of Access to Healthy Food options,Lack of Sidewalks,,,,,,,,,,
11091488082,,,,Lack of Sidewalks,Lack of Streetlights,Mold or Mildew,,,,,,,,
11091437803,,,,Lack of Sidewalks,,,,,,,,,,
11091203335,,,,,,,,,,,,,None,
11091173612,,,,,,,,,,,,,None,
11091129006,,,,,,,,,,,,,,
11091121161,,,,Lack of Sidewalks,,Mold or Mildew,,,,,Water Pollution,,,
11091090734,,,,,,Mold or Mildew,,,,Air Quality,,,,
11091078423,,,,,,,,,,,Water Pollution,,,
11090982851,,,,,,,,,,,,,None,
11090816132,,,,,,Mold or Mildew,Lack of Clean Drinking Water,Lack of Parks/Recreational Facilities,,Air Quality,Water Pollution,,,
11090807748,,,,,,,,,,,Water Pollution,,,
11090788335,,,,,,,,,,,,,None,
11090781587,,,,Lack of Sidewalks,,,,,,,,,,
11090751355,,,,,,,,,,,,,None,
11090723740,,,,,,,,,,,,,None,
11090681960,,,,Lack of Sidewalks,,,,,Lack of Bike Paths,,Water Pollution,,,
11090676720,,,,,,,,,,,,,None,
11090676567,,,,,,,,,,Air Quality,,,,
11090671459,,,,,,,,,,,,,None,
11090663906,,,,,,,,,,,,Road Conditions,,
11090602507,,,,,,,,,,,,,None,
11090575831,,,Lack of Access to Healthy Food options,Lack of Sidewalks,Lack of Streetlights,,,,,,,,,
11090453021,,,,Lack of Sidewalks,,,,,,,,,,
11090438919,,,,,,,,,,,,,None,
11090428581,Flooding,,,,,,,,,,,Road Conditions,,
11090390595,,,,,,Mold or Mildew,,,,,,,,
11090380676,,,,Lack of Sidewalks,Lack of Streetlights,Mold or Mildew,,,,,,,,
11090378197,,,,,,,,,,,Water Pollution,,,
11090364488,,,,,,,,,,,,,None,
11090329265,,,Lack of Access to Healthy Food options,,Lack of Streetlights,,,,,,,,,
11090327319,,,,,,,,,,,Water Pollution,Road Conditions,,
11090301066,,,,Lack of Sidewalks,Lack of Streetlights,,Lack of Clean Drinking Water,,Lack of Bike Paths,Air Quality,Water Pollution,Road Conditions,,
11090288915,,,,,,,,,,Air Quality,Water Pollution,,,
11090243700,,,,,,,,,,,,,None,
11090235765,,,,,,,,,,,,,None,
11090234171,,,,Lack of Sidewalks,,Mold or Mildew,,,,Air Quality,,,,
11090220983,,,,,,,,,,Air Quality,Water Pollution,,,
11090218854,,,,Lack of Sidewalks,,,,,,,,,,
11090207281,,,,,,,,,,Air Quality,,,,
11090206542,,,,Lack of Sidewalks,Lack of Streetlights,,,,Lack of Bike Paths,,,,,
11090194688,,,,,,,,,,,,,None,
11090193552,,,,,,,,,,,,,,
11090189281,,,,,Lack of Streetlights,,,,,,,,,
11090175564,,,,,,,,,,,,,None,
11090174775,,,,,,,,,,,,,None,
11090131827,,,,Lack of Sidewalks,,,,,,,,,,
11090130887,,,,Lack of Sidewalks,,,,,,,,,,
11090121831,,,,Lack of Sidewalks,,,,,,,,,,
11089840696,,,,,,Mold or Mildew,,,,,,Road Conditions,,
11089384908,,,Lack of Access to Healthy Food options,,,,,,,,,Road Conditions,,
11089338487,,,,,Lack of Streetlights,,,,,,,,,
11089055993,,,,Lack of Sidewalks,Lack of Streetlights,,,Lack of Parks/Recreational Facilities,Lack of Bike Paths,,,Road Conditions,,
11089031545,Flooding,,Lack of Access to Healthy Food options,,Lack of Streetlights,,,,,,,,,
11089018119,,,,Lack of Sidewalks,Lack of Streetlights,,,,Lack of Bike Paths,,,,,
11089003601,,,,,,,,,Lack of Bike Paths,,,,,
11088182689,,,,,,,,,,,,,None,
11088094453,,,,Lack of Sidewalks,,,Lack of Clean Drinking Water,,,,,Road Conditions,,
11088090419,,,,,,,,,,,,Road Conditions,,Urban Sprawl/Crowded roadways
11088009755,Flooding,,,,,,,,,,Water Pollution,,,
11087991038,,,,,,,,,,,,,None,
11087918037,,,,,,,,,,,,,None,
11087892471,,,,,Lack of Streetlights,,,,,,,,,
11087858416,,,,,,,,,,,,,None,
11087769256,,,,,,,,,,,,,None,
11087711478,,,,,,,,Lack of Parks/Recreational Facilities,,,,,,Red Tide-clean water issues
11087667727,,,,,Lack of Streetlights,,,,,Air Quality,Water Pollution,,,
11087465364,,,,,,Mold or Mildew,,,,,,,,
11087333405,,,,Lack of Sidewalks,,,,,Lack of Bike Paths,,,,,
11087273902,,,,,,Mold or Mildew,,,,,,Road Conditions,,
11087252118,,,,,,,,Lack of Parks/Recreational Facilities,,,,,,
11087245988,,,,Lack of Sidewalks,,,,,Lack of Bike Paths,,,,,
11087240584,,,,,,,,,,,,,None,
11087237315,,,,,,,,Lack of Parks/Recreational Facilities,,,,,,
11087230038,,,,,,,,,,,,,None,
11087229869,,,,,,,,Lack of Parks/Recreational Facilities,,,,,,
11087193234,,,,Lack of Sidewalks,Lack of Streetlights,Mold or Mildew,,Lack of Parks/Recreational Facilities,Lack of Bike Paths,,Water Pollution,Road Conditions,,
11087184864,,,,Lack of Sidewalks,Lack of Streetlights,Mold or Mildew,,,,,Water Pollution,Road Conditions,,
11087157847,,,,,,,,,,,,,None,
11087103841,,,,,,,,,,,,,None,
11087071740,,,,Lack of Sidewalks,,,Lack of Clean Drinking Water,,,,,,,
11087002104,,,,,,,,,,,,,None,
11086998024,,,,,,,Lack of Clean Drinking Water,,,,,,,
11086990023,,,,,,Mold or Mildew,,,,,Water Pollution,,,
11086969361,,,,,,,,,,,Water Pollution,,,
11086953791,,,Lack of Access to Healthy Food options,Lack of Sidewalks,Lack of Streetlights,,,Lack of Parks/Recreational Facilities,Lack of Bike Paths,,,,,
11086947970,,,Lack of Access to Healthy Food options,Lack of Sidewalks,Lack of Streetlights,,,,,,,Road Conditions,,
11086944126,,,,Lack of Sidewalks,Lack of Streetlights,,Lack of Clean Drinking Water,,,,,,,
11086939779,,,,,Lack of Streetlights,,,,,,,,,
11086931248,,,,,,,,,Lack of Bike Paths,,,,,
11086928645,Flooding,,,Lack of Sidewalks,,Mold or Mildew,,,,Air Quality,Water Pollution,Road Conditions,,
11086927820,,,,,,,,,,,,,None,
11086919546,Flooding,,,,,,,,,,,,,
11086890984,,,,,,,,,,,,,None,
11086829136,,,Lack of Access to Healthy Food options,Lack of Sidewalks,Lack of Streetlights,,,,Lack of Bike Paths,,,,,
11086822788,,,,Lack of Sidewalks,Lack of Streetlights,,Lack of Clean Drinking Water,,,,Water Pollution,,,
11086693060,,,,,,,,,,,Water Pollution,,,"Pollution and Litter, in general"
11086054898,,,,,,,,,,Air Quality,,,,
11085907430,,,,Lack of Sidewalks,,Mold or Mildew,,Lack of Parks/Recreational Facilities,,,,,,
11085872334,,,,Lack of Sidewalks,Lack of Streetlights,,,,Lack of Bike Paths,,,,,
11085813255,,,,,,,,,,,,,None,
11085688711,,,,,,,,,,Air Quality,,,,
11085591910,,,,Lack of Sidewalks,,,,,,,,,,Red tide
11085275901,,Lack of Grocery Stores,Lack of Access to Healthy Food options,,,Mold or Mildew,,,,,,,,
11085142441,,,,,,,,,,,,,None,
11085138144,,,,,,,,,,,,,None,
11085114502,,,,Lack of Sidewalks,,,Lack of Clean Drinking Water,,,Air Quality,Water Pollution,Road Conditions,,
11085024644,,,,Lack of Sidewalks,,,,,Lack of Bike Paths,,,,,
11084960321,,,,Lack of Sidewalks,Lack of Streetlights,,,,Lack of Bike Paths,,,Road Conditions,,
11084907548,,,Lack of Access to Healthy Food options,Lack of Sidewalks,,,,Lack of Parks/Recreational Facilities,Lack of Bike Paths,,,,,
11084813068,,,,Lack of Sidewalks,,,,,,,,,,
11084774440,,,,Lack of Sidewalks,,,,,,,,,,"I can't even walk my dogs in Rotonda West, no side walks"
11084731104,,,,Lack of Sidewalks,,,,,,,,,,
11084726180,,,,,,,,,,,,,None,
11084718656,,,,,,,,,,,,,None,
11084667095,,,,,,,,,,,,,,
11084579089,,,Lack of Access to Healthy Food options,Lack of Sidewalks,Lack of Streetlights,,,,,,,,,
11084565986,,,,,,Mold or Mildew,,,,,Water Pollution,,,
11084498922,,,,Lack of Sidewalks,Lack of Streetlights,,,,,,,Road Conditions,,
11084486435,Flooding,,,,Lack of Streetlights,Mold or Mildew,,,,,,Road Conditions,,"Traffic. Put officers on the road to stop speeding, tailgating, red light runners,TEXTING!!"
11084480301,,,Lack of Access to Healthy Food options,,,,,,,,,,,
11084422063,,,,,,,,,,,,,None,
11084409011,,,,,,,,,,,,,None,
11084361739,,,,,,,,,,,,,None,
11084358825,,,,,,,,,Lack of Bike Paths,,,,,
11084306979,,,,,,,,,,,,,None,
11084290400,,,,,,,,,,,,,None,
11084269493,,,,,,,,,,,,,None,
11084240138,,,Lack of Access to Healthy Food options,Lack of Sidewalks,,,,,,,Water Pollution,,,
11084187318,,,,Lack of Sidewalks,,,,,Lack of Bike Paths,,,,,
11084162103,,,,,,,,,,,,,None,
11084161845,,,,,,,,,,,,,None,
11084159241,,,,,,,,,,,,,None,
11084154595,,,,,,Mold or Mildew,,Lack of Parks/Recreational Facilities,Lack of Bike Paths,,,,,
11084095189,,,,,,,,,,,,,None,
11084080812,,,,,,,,,,,,,None,
11084073213,,,,,,,,,Lack of Bike Paths,,,Road Conditions,,
11084066639,,,,,,,,,,,,,None,
11084064853,,,,,,,,,,,,,,
11084041845,,,,,,,,,,,,Road Conditions,,
11084021491,,,,,,,,,,,,Road Conditions,,
11084008273,,,,,,,,,,,Water Pollution,,,
11083976562,,,,Lack of Sidewalks,Lack of Streetlights,Mold or Mildew,,,,,Water Pollution,,,
11083882762,,,Lack of Access to Healthy Food options,Lack of Sidewalks,Lack of Streetlights,,,,,,,,,
11083827159,,,,,,,,,,,,,,
11083792776,Flooding,,,Lack of Sidewalks,Lack of Streetlights,,,,,Air Quality,Water Pollution,Road Conditions,,
11083688138,,,Lack of Access to Healthy Food options,,Lack of Streetlights,,,,,,Water Pollution,,,
11083649534,,,,,,,,,,,,,None,
11083615693,,,,Lack of Sidewalks,Lack of Streetlights,,Lack of Clean Drinking Water,,,,Water Pollution,,,
11083527575,,,,,,,,,,,,,None,
11083503086,,,Lack of Access to Healthy Food options,,,Mold or Mildew,,,,,,,,
11083422005,,,Lack of Access to Healthy Food options,Lack of Sidewalks,Lack of Streetlights,,,Lack of Parks/Recreational Facilities,Lack of Bike Paths,,,,,
11083404331,,,,,,,,,,,,,None,
11083390826,,,,Lack of Sidewalks,,,,,Lack of Bike Paths,,Water Pollution,,,
11083367979,,,,,,Mold or Mildew,,,,,Water Pollution,,,
11082638498,,,,,,,,,,,,,None,
11082515629,,,,Lack of Sidewalks,,,,,Lack of Bike Paths,,,,,
11082457969,,,,Lack of Sidewalks,,,,,Lack of Bike Paths,,,,,
11082159603,,,,,,,,,,,,,None,
11082077947,,,,Lack of Sidewalks,Lack of Streetlights,,,,,,,,,
11082031486,,,,Lack of Sidewalks,Lack of Streetlights,,,,Lack of Bike Paths,,,,,
11082027116,,,,Lack of Sidewalks,Lack of Streetlights,,,,,,,,,
11082018220,,,,,,,,,Lack of Bike Paths,,,Road Conditions,,
11081778820,,,,,,,,,,,,,None,
11081746847,,,,,,,,,,,,,None,
11081708089,,,,,,,,,,,,,None,
11081646809,,,Lack of Access to Healthy Food options,,,Mold or Mildew,,,,,,,,
11081640020,,,,Lack of Sidewalks,,,,,Lack of Bike Paths,,Water Pollution,,,
11081468695,,,,,,,,,,,,,None,
11081454059,,,,Lack of Sidewalks,Lack of Streetlights,,,,Lack of Bike Paths,,Water Pollution,Road Conditions,,
11081429948,,,,,,Mold or Mildew,,,,,,,,
11081401000,,,,Lack of Sidewalks,,,,,,,,,,
11081392294,,,,Lack of Sidewalks,,,,,,,,,,
11081324505,,,,,,Mold or Mildew,Lack of Clean Drinking Water,,,,,,,
11081299218,,,,,,,,,,,,,,Global warming
11081270284,,,,Lack of Sidewalks,,,,,,,,Road Conditions,,
11081253922,,,,,,,,,,Air Quality,,,,
11081242351,,,Lack of Access to Healthy Food options,Lack of Sidewalks,,Mold or Mildew,,,,,Water Pollution,,,
11081228364,,,,,,,,,,,,,None,
11081182369,Flooding,,,Lack of Sidewalks,,,Lack of Clean Drinking Water,,,,Water Pollution,,,
11081181200,,,,,,,,,,,,,None,
11081160367,,,,Lack of Sidewalks,,,,,,,,,,
11081159631,,,,,,,,,,,,,None,
11081140875,,,,,,,,,Lack of Bike Paths,,Water Pollution,,,
11081127050,,,,Lack of Sidewalks,Lack of Streetlights,,,,,,,,,
