RespondID,FeelEconomicallySecureFuture,ReliableTransportWorkHealth,UnabletoPayRentUtilities,StressLackMoney,SadAnxiousDepressed,KnowWheretogetServicesTreatment,FeelComfortableifOthersKnew,AlcoholDrugProblem,TraumatiChildhoodExpAffectYourHealthasAdult,KnowAbout211,Call211orWebsite
11175384095,No,Yes,No,No,No,Yes,Somewhat,No,No,Yes,No
11175370740,No,Yes,No,Somewhat,2,Yes,Somewhat,No,2,Yes,Yes
11175295204,Yes,2,Yes,No,No,No,No,No,Yes,4,4
11175288158,No,No,Yes,Yes,Yes,Yes,Yes,Somewhat,No,Yes,Yes
11175277587,No,No,Yes,Yes,No,No,No,No,No,Yes,Yes
11175267972,4,Somewhat,No,No,No,No,No,Somewhat,No,No,No
11175258600,4,2,Somewhat,Yes,Yes,4,4,No,No,Yes,Yes
11175250062,4,4,Somewhat,4,2,Yes,4,Yes,Yes,2,No
11175236349,No,4,No,Yes,Yes,Yes,Yes,Yes,No,Yes,2
11175229187,4,No,Somewhat,Yes,Yes,Yes,2,Somewhat,No,4,4
11175219611,Yes,Yes,No,No,Somewhat,Somewhat,4,No,2,No,No
11175199664,Somewhat,4,No,No,No,No,No,No,No,Yes,No
11175189002,4,,No,No,No,Somewhat,No,No,No,No,No
11175176277,4,No,No,Somewhat,2,2,No,No,No,No,No
11175164765,Somewhat,Yes,No,No,2,No,Somewhat,,No,No,No
11175139037,Somewhat,Yes,No,2,4,Somewhat,No,No,2,No,No
11175128915,4,4,Yes,Somewhat,2,2,No,No,Yes,Yes,Yes
11175115405,No,2,Yes,Yes,Yes,Yes,4,No,No,Yes,No
11175104609,Yes,No,,No,No,Yes,Yes,No,No,No,No
11175092364,Yes,Yes,Yes,No,No,No,Yes,Yes,No,No,No
11173249386,No,Yes,No,Yes,Yes,Yes,No,No,No,No,
11173235540,No,No,Yes,Yes,,No,No,No,No,No,No
11173223016,No,Yes,Somewhat,Yes,No,Yes,Yes,No,No,Yes,No
11173209838,4,2,Somewhat,Yes,Yes,4,2,Somewhat,Yes,2,2
11173198394,Somewhat,4,4,No,No,2,Yes,Somewhat,2,No,No
11173190326,Yes,Yes,No,Yes,Somewhat,,,,,,
11173055944,Somewhat,4,4,4,Somewhat,4,4,No,4,No,No
11173042890,No,No,4,,4,Yes,Yes,No,No,No,Yes
11173026214,Somewhat,,Yes,Somewhat,No,No,Yes,No,No,No,No
11172966525,Somewhat,Yes,2,2,2,2,2,No,No,No,Yes
11172938467,Somewhat,2,No,No,No,No,No,No,No,No,No
11172872881,Yes,No,No,Yes,Yes,Yes,Yes,No,2,No,No
11172803317,Yes,Yes,No,No,No,Yes,Somewhat,No,Somewhat,Yes,No
11172753320,4,Yes,Yes,Yes,Yes,Somewhat,4,4,2,No,No
11172746603,No,4,Yes,Yes,Yes,Yes,Somewhat,4,4,2,No
11172363102,Somewhat,,No,No,No,Somewhat,Somewhat,No,Somewhat,Somewhat,Somewhat
11172347091,,Yes,No,No,No,Somewhat,,No,No,,No
11172335569,4,Yes,No,4,No,No,Somewhat,No,No,No,No
11172303812,,,Somewhat,,Somewhat,,,No,No,Yes,No
11172278963,No,Somewhat,Yes,Somewhat,No,Yes,No,No,No,Yes,No
11172197756,No,,No,Somewhat,No,Yes,Yes,No,No,No,No
11172186318,4,Yes,No,2,No,4,No,No,2,Yes,No
11172167471,2,No,No,No,No,No,Yes,No,2,No,No
11172149313,4,4,No,No,No,Yes,Yes,No,No,No,No
11172120974,No,2,Somewhat,4,No,Somewhat,Somewhat,No,No,2,No
11172062754,No,No,Yes,Yes,Yes,No,No,No,Yes,Yes,Yes
11172052079,No,No,Yes,Yes,No,Somewhat,Somewhat,No,4,Yes,Yes
11172044998,Yes,Yes,No,No,No,Yes,No,No,Somewhat,No,No
11172041700,4,No,No,No,,Yes,,Yes,No,Yes,No
11172034736,No,Yes,Somewhat,Yes,No,4,Somewhat,No,No,No,No
11172010683,No,4,Yes,Yes,4,4,No,No,No,4,2
11172000928,No,Somewhat,No,Yes,Yes,Yes,Yes,2,Yes,Yes,No
11171936973,No,No,Yes,Yes,Somewhat,4,No,Yes,Yes,Somewhat,Yes
11171889102,No,2,Somewhat,Somewhat,Somewhat,Yes,No,2,Somewhat,Yes,Yes
11171775862,Somewhat,Somewhat,Somewhat,Yes,Somewhat,Somewhat,No,No,No,Yes,No
11171744820,Somewhat,Somewhat,No,Somewhat,4,4,No,No,2,No,No
11171441943,2,4,4,Yes,Yes,2,No,Yes,Yes,Somewhat,No
11170555556,2,Somewhat,Somewhat,Yes,Somewhat,No,No,No,No,Yes,No
11170551553,4,Yes,No,No,2,Yes,4,No,No,Yes,No
11170547753,No,Somewhat,Yes,Yes,Yes,No,No,No,Yes,Yes,Yes
11170544349,4,4,No,No,No,Yes,Yes,No,No,No,No
11170540159,,,,,,,,,,,
11170534414,No,No,4,Yes,Yes,Somewhat,No,No,Somewhat,Yes,Yes
11170529752,Somewhat,2,No,No,Somewhat,No,Yes,No,No,No,No
11170526913,No,No,Yes,Yes,Yes,Yes,Somewhat,,,,
11170522659,2,4,Yes,Yes,Yes,Yes,Somewhat,No,Somewhat,Yes,Yes
11170517469,Yes,Yes,No,No,Somewhat,4,Yes,No,No,No,No
11170513329,2,Somewhat,Yes,Yes,2,Somewhat,Somewhat,No,No,Yes,Yes
11170508863,Somewhat,Yes,Yes,Yes,4,Somewhat,Somewhat,No,No,Yes,Yes
11170505170,Yes,Yes,Yes,Yes,Yes,No,Yes,2,2,2,2
11170501657,No,4,No,Yes,Somewhat,2,No,No,Somewhat,Yes,Yes
11170497462,Somewhat,Yes,Yes,Yes,Somewhat,No,No,No,Somewhat,Yes,Yes
11170493685,No,Somewhat,Somewhat,Yes,4,Yes,Yes,No,No,Yes,Yes
11170489392,No,Yes,Yes,Yes,Yes,Yes,Somewhat,No,No,Yes,Yes
11170485561,2,Yes,Yes,Yes,Somewhat,Yes,Somewhat,No,No,Yes,Yes
11170480662,Yes,Yes,No,No,No,Yes,Yes,No,Yes,No,No
11170475594,No,Yes,Yes,,Yes,Somewhat,Yes,No,No,No,Yes
11170465902,2,Somewhat,Yes,Yes,Somewhat,Somewhat,2,No,Somewhat,No,No
11170410525,2,Somewhat,Somewhat,Somewhat,Somewhat,Somewhat,Somewhat,Somewhat,Somewhat,No,No
11170406398,2,No,Somewhat,Yes,Yes,Somewhat,2,No,Yes,Somewhat,4
11170402172,No,2,4,4,Yes,No,No,No,Yes,No,No
11170390467,2,4,Yes,Yes,Somewhat,Somewhat,Somewhat,No,No,Yes,Yes
11170388316,Somewhat,Somewhat,Somewhat,,No,Somewhat,Somewhat,No,No,Yes,Yes
11170385868,Somewhat,Somewhat,Yes,Yes,Yes,Somewhat,No,No,No,Somewhat,Yes
11170384038,4,4,4,4,4,4,Somewhat,No,No,Somewhat,No
11170380065,Somewhat,Yes,No,No,No,No,No,No,Yes,No,No
11170379842,Somewhat,Yes,No,Somewhat,No,Yes,Yes,No,No,No,No
11170376460,Somewhat,Somewhat,Somewhat,Somewhat,Somewhat,Somewhat,Somewhat,Somewhat,Somewhat,Somewhat,Somewhat
11170375759,No,No,No,Yes,Somewhat,Yes,Yes,No,Somewhat,Yes,Yes
11170373594,2,4,No,2,No,No,Yes,Yes,4,No,No
11170371268,2,Somewhat,Somewhat,Somewhat,2,No,Somewhat,No,No,4,Somewhat
11170370535,2,4,No,2,No,Somewhat,2,No,Somewhat,Somewhat,No
11170366506,No,Yes,Yes,Yes,Yes,Somewhat,No,No,No,Yes,Yes
11170365613,2,4,2,2,No,4,4,4,4,Yes,Yes
11170361669,No,2,Yes,Yes,No,2,Somewhat,No,No,No,No
11170361070,Yes,Yes,No,2,No,,,No,No,No,No
11170357712,4,4,No,No,No,No,No,No,No,Yes,4
11170352706,2,4,Yes,Yes,2,Yes,4,No,No,Yes,Yes
11170278322,Somewhat,Somewhat,Somewhat,Somewhat,Somewhat,Somewhat,Somewhat,Somewhat,Somewhat,Somewhat,Somewhat
11170270798,,Yes,Yes,4,4,Yes,Somewhat,Yes,No,Yes,Yes
11170267342,No,2,Yes,Yes,Yes,No,Somewhat,4,4,No,No
11170264318,2,4,Yes,Yes,2,Somewhat,Somewhat,2,2,Yes,Yes
11170261154,No,2,4,Yes,Somewhat,Somewhat,No,No,No,2,No
11170258172,No,No,Yes,Yes,4,Somewhat,Yes,Yes,No,No,No
11170253587,No,Yes,Yes,Yes,No,Yes,Yes,Yes,Yes,Yes,No
11170249369,,Yes,No,Somewhat,Somewhat,Yes,Yes,No,Somewhat,2,Yes
11170244763,No,Somewhat,No,Yes,Yes,Yes,Yes,No,Yes,Yes,Yes
11170241090,No,Somewhat,Somewhat,Yes,4,No,No,No,No,Somewhat,No
11170236173,Somewhat,2,No,Somewhat,2,2,2,No,No,No,
11170233091,2,Yes,Yes,Yes,Somewhat,Yes,Yes,Yes,Yes,Yes,No
11170229339,4,4,No,No,No,Yes,Yes,No,No,Yes,No
11170223351,No,Yes,No,Somewhat,Yes,No,No,No,No,No,No
11170219778,No,Yes,Yes,4,Yes,Yes,Somewhat,No,Somewhat,No,No
11170214711,No,4,Yes,Yes,Yes,No,Somewhat,No,2,Somewhat,Yes
11170210539,2,4,Somewhat,Yes,No,Somewhat,Somewhat,No,No,4,Yes
11170075695,4,4,2,2,No,Yes,Yes,,No,2,No
11170074780,Somewhat,Somewhat,Somewhat,Somewhat,Somewhat,Somewhat,Somewhat,Somewhat,Somewhat,Yes,Yes
11170073523,4,Somewhat,2,No,No,No,No,No,No,Yes,No
11170072348,Yes,No,No,No,4,4,No,No,Yes,Somewhat,No
11170071797,2,,No,2,No,No,Somewhat,No,No,Yes,No
11170067881,Somewhat,Somewhat,Somewhat,Somewhat,Somewhat,Somewhat,Somewhat,Somewhat,Somewhat,No,No
11170047634,No,No,Yes,Yes,No,Somewhat,Yes,No,Yes,No,No
11170042390,No,Yes,No,4,Somewhat,No,No,No,No,Yes,No
11170036459,Somewhat,Yes,No,No,2,No,Yes,No,No,Yes,Yes
11170029101,2,Yes,No,4,Yes,Yes,Somewhat,No,No,No,Yes
11170022747,No,No,Somewhat,Somewhat,Somewhat,Somewhat,Somewhat,Somewhat,Somewhat,Somewhat,No
11170017835,4,Yes,No,4,Yes,Yes,No,Yes,No,Yes,Yes
11169999380,Yes,Yes,No,No,No,2,4,No,No,No,No
11169996472,4,Yes,No,No,2,4,No,No,No,Yes,No
11169993736,Yes,Yes,No,No,No,Somewhat,4,No,No,Yes,No
11169989985,Somewhat,Somewhat,No,2,Somewhat,Somewhat,Somewhat,No,No,No,No
11169986596,4,Yes,No,No,No,No,2,No,No,2,No
11169984164,4,Yes,No,No,No,Yes,Somewhat,No,No,No,No
11169981309,4,Yes,No,No,No,Yes,Yes,No,No,No,No
11169974644,Yes,,No,No,No,Somewhat,2,No,No,No,No
11169972106,Yes,Yes,No,No,Somewhat,4,4,No,No,No,No
11169969037,Yes,Yes,No,No,No,Yes,No,No,No,No,No
11169966175,Yes,Yes,No,No,,Yes,Somewhat,No,No,No,2
11169962352,Yes,Yes,No,No,No,Somewhat,2,No,No,Yes,No
11169956552,4,Yes,No,No,No,Yes,No,No,No,Yes,No
11169764917,Yes,Yes,No,No,2,Yes,Yes,No,No,No,No
11169759192,Somewhat,Somewhat,No,4,4,Yes,Yes,No,Yes,Yes,No
11169753627,Somewhat,Somewhat,Somewhat,Somewhat,Somewhat,Somewhat,Somewhat,Somewhat,Somewhat,Somewhat,
11169428242,No,Somewhat,No,Yes,4,Yes,No,No,Yes,Yes,Yes
11169397573,No,Yes,Yes,Yes,4,Yes,Yes,No,2,Yes,No
11169202582,No,Somewhat,Somewhat,Somewhat,4,Somewhat,Yes,No,Somewhat,Yes,Yes
11169199030,2,2,4,4,2,2,2,Somewhat,4,Yes,4
11169196712,Somewhat,Somewhat,Somewhat,Somewhat,Somewhat,Somewhat,Somewhat,Somewhat,Somewhat,Yes,
11169193594,,,,,,,,,,Somewhat,Somewhat
11169190060,Somewhat,4,4,4,4,Yes,Somewhat,No,No,No,No
11169187907,2,No,Somewhat,Yes,No,No,Somewhat,No,No,Yes,Yes
11169186487,Somewhat,Somewhat,Yes,Yes,Somewhat,4,4,No,No,Yes,Yes
11169183293,Somewhat,Somewhat,Yes,Yes,Somewhat,No,Somewhat,No,No,Yes,No
11169175856,No,Yes,No,No,2,No,4,No,No,Yes,Yes
11169174387,Yes,Yes,No,No,Yes,No,Yes,No,No,Yes,No
11169173937,4,Yes,Yes,No,No,No,,No,No,Yes,Yes
11169172317,Yes,4,No,No,No,Somewhat,Yes,No,Yes,No,No
11169171337,Yes,Yes,Yes,Yes,No,No,No,No,No,Yes,Yes
11169170078,Somewhat,Yes,No,No,No,No,Somewhat,No,No,No,No
11169166971,No,No,Yes,Somewhat,No,No,Somewhat,No,No,Yes,No
11169165292,Somewhat,Yes,No,Somewhat,No,No,Somewhat,No,No,No,No
11169163908,2,2,4,4,Somewhat,2,2,No,2,Yes,2
11169162335,4,Yes,No,No,,Somewhat,No,No,No,No,No
11169161039,Somewhat,Yes,Somewhat,4,4,No,No,No,No,No,No
11169159588,,4,4,4,4,Somewhat,Somewhat,No,No,No,No
11169158203,No,Somewhat,Yes,,Somewhat,Yes,Yes,No,Somewhat,No,No
11169157600,Somewhat,No,Yes,Yes,No,No,No,No,4,Yes,Yes
11169156152,Yes,Yes,No,No,No,Yes,Somewhat,No,No,Yes,No
11169154802,No,Somewhat,Yes,Yes,Somewhat,Somewhat,Yes,Yes,2,Yes,Yes
11169153963,2,Yes,No,Somewhat,No,Somewhat,No,No,No,Yes,No
11169152282,No,No,Somewhat,4,4,No,Somewhat,No,Somewhat,No,No
11169151581,4,Yes,No,No,4,Yes,Somewhat,No,No,Yes,No
11169150978,Somewhat,Somewhat,Somewhat,2,2,No,No,No,No,No,No
11169148965,Yes,Yes,No,No,No,Yes,Somewhat,No,No,No,No
11169146608,Yes,Yes,No,No,No,Yes,Yes,No,No,4,No
11169144330,Somewhat,No,Yes,Yes,No,No,No,No,4,Yes,Yes
11169143766,Somewhat,Yes,Somewhat,4,No,Yes,Yes,No,2,Yes,Yes
11169143497,4,4,No,No,No,Yes,4,No,No,No,No
11169138263,Somewhat,Yes,No,Somewhat,No,Yes,Yes,No,2,Yes,2
11169136558,2,4,Yes,Yes,4,No,Yes,No,Somewhat,No,Yes
11169135569,2,Yes,4,4,4,Somewhat,Somewhat,No,2,Yes,Yes
11169133857,2,Somewhat,Yes,Yes,Yes,Somewhat,Somewhat,4,Yes,Yes,Yes
11169133183,No,No,Yes,Yes,Yes,4,Yes,No,Yes,No,No
11169133084,2,Yes,4,Yes,Somewhat,2,4,No,No,No,No
11169129614,No,No,Yes,Yes,Yes,Yes,Yes,Yes,Yes,Yes,Yes
11169129353,2,4,4,Yes,4,4,4,Somewhat,4,4,4
11169129336,No,Somewhat,Somewhat,Somewhat,Somewhat,Somewhat,Somewhat,Somewhat,Somewhat,Yes,Yes
11169125217,No,Somewhat,Yes,Yes,Yes,4,4,Somewhat,No,Somewhat,No
11169122591,2,Yes,Somewhat,Yes,Yes,Yes,Yes,No,No,No,No
11169118008,2,4,Yes,4,Somewhat,Somewhat,2,No,2,4,Somewhat
11169117451,No,No,Yes,4,No,Yes,Somewhat,No,No,Yes,No
11169115321,2,2,4,Yes,Yes,No,No,No,Somewhat,2,No
11169112661,4,Somewhat,No,No,No,Yes,Yes,No,2,No,No
11169112395,Somewhat,No,Somewhat,2,Somewhat,2,4,No,No,2,2
11169110225,2,4,Somewhat,Somewhat,Somewhat,No,Somewhat,No,No,No,No
11169107368,No,No,No,Yes,Somewhat,No,No,No,No,No,No
11169105275,,,No,No,No,,Somewhat,,4,No,
11169101025,Yes,Yes,No,2,2,Yes,Somewhat,Somewhat,No,No,No
11169098619,Somewhat,Yes,No,4,Somewhat,Somewhat,Yes,4,Somewhat,No,No
11169096282,Yes,Yes,No,No,No,Yes,No,No,No,Yes,No
11169091552,Somewhat,Yes,Somewhat,Somewhat,4,Yes,Yes,No,No,Yes,Yes
11169088964,4,4,No,2,Yes,No,Somewhat,No,Yes,No,No
11169084262,2,2,2,Somewhat,4,Somewhat,Yes,No,Yes,No,No
11169080289,4,Yes,2,Somewhat,No,Yes,2,No,Somewhat,Somewhat,No
11169078051,Yes,Yes,No,No,No,Yes,Somewhat,No,No,No,No
11169076744,2,4,Yes,Yes,2,Yes,Yes,No,No,Yes,Yes
11169075073,4,Yes,No,No,No,Yes,Somewhat,No,No,Yes,No
11169061263,4,Yes,No,No,Somewhat,Yes,Somewhat,No,No,Yes,No
11169053621,No,No,Yes,Yes,Yes,No,No,No,Somewhat,Yes,Yes
11169050480,Yes,Yes,No,No,No,Yes,Somewhat,No,No,No,No
11169047266,Somewhat,4,4,Yes,Somewhat,Yes,Somewhat,No,,Yes,Yes
11169043223,No,Yes,No,Yes,4,4,Yes,No,No,Yes,Yes
11169039671,Yes,,No,No,No,No,No,No,No,No,No
11169036708,No,Yes,Yes,Yes,No,Yes,Somewhat,No,No,Yes,Yes
11169032638,Yes,Yes,,No,No,Yes,4,No,No,No,No
11169027789,4,Yes,Yes,Somewhat,4,Yes,No,No,Yes,Yes,No
11169026199,4,2,No,4,4,Yes,4,No,Somewhat,Yes,No
11169023793,2,Yes,2,Yes,Somewhat,Somewhat,No,No,No,No,No
11169021445,Yes,Yes,No,No,No,,No,No,,No,No
11169019807,Somewhat,Yes,No,No,No,4,No,No,No,No,No
11169017642,4,Yes,No,2,Somewhat,4,Somewhat,No,Somewhat,Somewhat,No
11169016622,2,4,No,Somewhat,No,No,No,Yes,2,Somewhat,No
11169014798,4,Yes,No,2,No,Somewhat,Somewhat,No,No,4,Somewhat
11169013225,No,Yes,Yes,Yes,Somewhat,No,Yes,No,No,Yes,Yes
11169011413,Somewhat,Yes,No,2,Somewhat,Yes,2,No,No,No,No
11169009413,2,Yes,4,Yes,Yes,Yes,Yes,No,4,Yes,Yes
11168987777,No,Yes,No,2,No,No,No,No,No,Yes,No
11168983610,No,Yes,No,2,No,No,No,No,No,Yes,No
11168978050,4,4,Yes,Yes,Yes,Yes,Somewhat,No,Yes,Yes,Yes
11168974990,No,4,Yes,Yes,Yes,Yes,No,No,No,Yes,Yes
11168972050,No,No,Yes,Yes,4,4,Somewhat,4,No,4,Yes
11168967764,2,Yes,No,Somewhat,2,No,No,No,4,Yes,No
11168965065,4,4,No,No,No,2,No,No,No,2,No
11168962007,4,4,No,No,No,Yes,No,No,Yes,Yes,No
11168957322,No,4,No,Yes,No,Somewhat,Somewhat,No,Yes,Somewhat,No
11168953748,2,Yes,No,Somewhat,No,Yes,4,No,No,No,No
11168948564,Yes,Yes,No,No,No,Yes,Somewhat,No,No,No,No
11168945581,4,Yes,Yes,Yes,Somewhat,No,No,No,No,No,No
11168942824,2,Somewhat,Somewhat,Somewhat,Somewhat,Somewhat,Somewhat,Somewhat,Somewhat,Somewhat,No
11168940274,No,No,Yes,Yes,No,No,No,No,No,No,No
11168937866,No,No,No,Yes,Yes,No,Yes,No,No,Yes,No
11168935261,No,4,4,4,Somewhat,Somewhat,Somewhat,No,No,Somewhat,2
11168932016,Somewhat,Yes,2,2,No,4,4,No,2,No,No
11168788711,No,Yes,4,4,4,No,2,No,4,4,Yes
11168783767,No,Somewhat,Yes,Yes,Yes,No,2,Yes,Somewhat,No,Yes
11168778770,No,Somewhat,No,Yes,Yes,Yes,Somewhat,No,Somewhat,4,No
11168760288,No,Yes,No,Yes,No,Yes,Yes,No,No,Yes,4
11168753097,2,4,Somewhat,4,4,2,2,No,Somewhat,Somewhat,No
11168748328,No,Yes,Yes,Yes,Somewhat,Somewhat,No,No,No,Somewhat,Yes
11168741905,No,Yes,Yes,Yes,Yes,4,No,No,Yes,Yes,Yes
11168735906,4,Somewhat,No,No,No,4,Somewhat,No,Somewhat,Somewhat,No
11168733906,No,Yes,No,No,Yes,Yes,No,No,No,Yes,No
11168729577,Yes,Yes,No,No,No,Yes,Somewhat,No,Yes,No,No
11168728711,Somewhat,Yes,Yes,Somewhat,No,4,Yes,No,No,No,Yes
11168726759,Yes,,,,,Yes,,,,Yes,No
11168723278,Somewhat,Yes,Yes,Somewhat,4,Yes,Yes,No,No,Yes,No
11168718852,Somewhat,Somewhat,No,Somewhat,No,No,2,No,No,Somewhat,No
11168716255,No,4,Yes,Yes,Yes,Yes,Somewhat,No,No,Yes,No
11168712393,No,Somewhat,No,Somewhat,Somewhat,No,Yes,No,No,Somewhat,No
11168710897,Somewhat,Yes,Somewhat,Yes,Yes,4,2,No,No,No,No
11168707645,4,4,Yes,4,4,Yes,4,4,Somewhat,Somewhat,Somewhat
11168699973,4,No,No,No,Yes,No,Yes,No,No,No,No
11168699946,No,2,2,Yes,No,Yes,Somewhat,No,No,Yes,No
11168696658,No,Yes,Yes,Yes,No,Yes,Yes,No,Yes,Yes,No
11168694316,No,Yes,Yes,,Somewhat,No,No,No,No,Yes,2
11168691332,No,Yes,No,Somewhat,No,Yes,Yes,No,No,Yes,No
11168684025,No,Somewhat,No,Somewhat,No,Yes,Yes,No,No,Yes,No
11168682452,No,No,Yes,Yes,Yes,Yes,2,No,No,Yes,No
11168680256,4,Yes,No,No,No,Yes,Yes,No,No,Yes,No
11168674752,No,Yes,No,No,No,No,Yes,No,No,Yes,No
11168674651,No,4,Yes,Yes,Yes,Yes,Yes,No,4,4,Yes
11168670412,,Yes,,,Yes,Yes,Yes,,Yes,Yes,Yes
11168665608,4,Yes,No,No,2,2,Yes,No,Yes,No,No
11168661093,Yes,Yes,No,No,No,4,4,Somewhat,No,No,No
11168657433,2,,No,,,No,Yes,Somewhat,No,No,No
11168555676,No,No,Yes,Yes,No,Somewhat,No,No,Yes,No,No
11168554852,No,Yes,Somewhat,Yes,2,Yes,Yes,Yes,No,Yes,Yes
11168545071,Yes,Yes,No,No,No,4,No,No,No,Yes,No
11168540351,Somewhat,,No,No,No,No,No,No,No,No,No
11168536382,4,No,No,No,No,No,No,No,No,No,Yes
11168525216,Yes,Yes,No,Yes,No,No,Somewhat,No,No,Yes,No
11168520917,,No,No,2,Somewhat,Somewhat,Yes,Yes,No,Somewhat,No
11168520286,Yes,Yes,No,No,No,Yes,No,No,No,No,No
11168515917,4,4,No,4,4,No,4,2,2,Yes,2
11167625375,2,Yes,Yes,Yes,Yes,Yes,Yes,No,No,Yes,No
11167431696,4,Yes,No,Somewhat,Yes,No,2,No,Yes,No,No
11167371497,No,2,Yes,Yes,Yes,No,4,No,No,Yes,Yes
11167368685,2,Yes,No,No,No,4,2,No,No,Yes,2
11167363899,No,Yes,2,Yes,Yes,Yes,4,No,4,No,
11167361483,2,Somewhat,No,Somewhat,4,4,Somewhat,No,Somewhat,4,
11167355328,Somewhat,Yes,Yes,Yes,4,Yes,Yes,No,No,Yes,No
11167355078,No,Somewhat,Yes,Yes,Yes,Yes,Somewhat,No,Yes,Yes,Yes
11167347456,No,Yes,Yes,Yes,Yes,Yes,Somewhat,No,Somewhat,Yes,Yes
11167340559,No,Yes,No,Yes,No,4,Yes,No,Yes,Yes,Yes
11167332746,No,4,Yes,Yes,4,4,4,No,Somewhat,No,No
11167331627,Yes,Yes,No,No,No,No,Yes,No,No,Yes,Yes
11167326695,2,2,Yes,Yes,Somewhat,2,Yes,No,No,No,No
11167324290,2,4,Somewhat,4,4,2,Somewhat,No,No,Somewhat,No
11167323591,Somewhat,4,Somewhat,Somewhat,Somewhat,4,Somewhat,No,No,4,No
11167323157,Yes,Yes,No,No,No,Yes,4,No,No,Somewhat,No
11167320154,No,Somewhat,Somewhat,Yes,Yes,Yes,No,No,No,No,No
11167314128,Yes,Yes,No,No,No,Yes,4,No,No,Somewhat,No
11167313784,No,Somewhat,No,4,Yes,Yes,Somewhat,Yes,Yes,Somewhat,No
11167311362,,,,,,,,,,,
11167303084,Somewhat,2,No,2,No,No,No,No,No,Yes,
11167295215,2,4,Yes,Yes,4,Yes,4,No,No,Yes,Somewhat
11167287819,No,Yes,Yes,Yes,Somewhat,Yes,No,No,No,No,No
11167284362,,,,,,,,,,,
11167280863,2,4,No,4,No,Somewhat,No,No,Somewhat,No,No
11167274556,Yes,4,No,No,4,4,4,No,2,Somewhat,No
11167266176,Somewhat,Somewhat,2,4,Somewhat,Somewhat,No,No,4,No,No
11167261821,No,Yes,Yes,Yes,Yes,No,No,No,Yes,Yes,No
11167261578,No,2,No,Yes,Yes,Yes,Yes,No,2,2,No
11167255956,No,Yes,Yes,Yes,No,No,Yes,No,No,No,No
11167249988,Somewhat,No,Yes,Yes,,Yes,No,Somewhat,4,No,No
11167245164,Somewhat,Yes,Yes,Yes,Somewhat,Somewhat,No,No,No,Yes,Yes
11167241797,No,Yes,Yes,Yes,4,Yes,4,No,No,Yes,Yes
11167232106,No,No,Yes,Yes,Yes,Yes,Somewhat,No,No,No,No
11167227383,Yes,Yes,,,No,No,Yes,No,No,Yes,Yes
11167227065,Somewhat,2,Yes,Somewhat,Somewhat,Somewhat,Somewhat,Yes,No,Yes,Yes
11167220640,No,4,Yes,Yes,No,Somewhat,Yes,Yes,Yes,Somewhat,Yes
11167217319,Somewhat,2,Yes,No,No,Somewhat,Somewhat,Yes,No,Yes,Yes
11167212890,No,Yes,Yes,Yes,Yes,No,No,Somewhat,Yes,No,No
11167205603,,Somewhat,Yes,4,2,No,Somewhat,No,2,Somewhat,No
11167204119,2,4,Yes,4,4,Yes,Yes,Somewhat,Yes,Yes,Yes
11167201133,No,Somewhat,Yes,Yes,4,4,No,No,No,4,Somewhat
11167188862,2,No,Yes,Yes,4,Somewhat,Somewhat,2,No,4,Yes
11167176644,No,Yes,Somewhat,Yes,Yes,No,No,No,4,No,No
11167164714,2,Yes,No,Somewhat,No,2,No,4,4,Yes,No
11167151703,2,No,4,2,,,4,4,No,4,No
11167130622,Somewhat,Somewhat,Somewhat,Somewhat,Somewhat,Somewhat,Somewhat,Somewhat,Somewhat,Somewhat,No
11167119189,No,No,Yes,Yes,Yes,No,No,Yes,Yes,Yes,Yes
11167106075,Yes,Yes,No,No,No,,2,No,No,No,No
11167099178,2,2,No,Yes,Yes,Yes,4,No,Yes,Yes,Yes
11167083032,Somewhat,Somewhat,Somewhat,Somewhat,Somewhat,Somewhat,Somewhat,Somewhat,Somewhat,Somewhat,No
11167068541,Somewhat,2,Yes,Yes,4,Somewhat,Yes,No,No,No,No
11166982689,No,No,No,Somewhat,2,Somewhat,2,No,No,No,No
11166274825,Somewhat,Somewhat,2,Yes,4,No,No,No,No,No,No
11166260590,No,Yes,Yes,Yes,No,4,Yes,No,No,No,No
11166258730,2,Yes,Yes,Yes,Yes,Somewhat,Somewhat,No,No,Yes,Yes
11166251179,Somewhat,4,No,Somewhat,Somewhat,Yes,Yes,No,No,No,2
11166241233,4,Somewhat,Somewhat,Somewhat,Somewhat,2,2,2,2,2,Yes
11166239306,Somewhat,Somewhat,Yes,Yes,Somewhat,4,4,No,No,4,4
11166226128,No,No,No,No,No,No,No,No,No,No,No
11166224969,No,No,Yes,Yes,No,No,,No,No,Yes,Yes
11166214336,2,2,2,2,2,2,2,2,2,,
11166209726,4,No,4,Somewhat,2,Yes,2,Somewhat,No,4,No
11166206361,2,Somewhat,Yes,Yes,4,Yes,Yes,2,2,,
11166194194,Somewhat,4,4,4,2,4,4,No,No,Yes,Yes
11166188312,No,No,Yes,Yes,Yes,Somewhat,No,Somewhat,Yes,Yes,Yes
11166183367,Somewhat,,Somewhat,Somewhat,4,4,2,4,Somewhat,Somewhat,No
11166167471,No,Yes,Yes,Yes,Somewhat,No,No,No,No,No,No
11166166359,Somewhat,Somewhat,Somewhat,Somewhat,Somewhat,Somewhat,Somewhat,Somewhat,Somewhat,Somewhat,Yes
11166063300,4,4,No,No,No,Somewhat,2,4,No,Yes,Yes
11165669973,No,Yes,No,Yes,No,Yes,Somewhat,No,No,No,No
11165012444,4,Yes,No,Yes,2,4,Yes,No,No,No,No
11164815511,Somewhat,Yes,Somewhat,Yes,Somewhat,Somewhat,2,No,2,4,No
11164812014,4,Yes,No,2,No,4,Somewhat,No,No,Somewhat,No
11164650427,Somewhat,4,Yes,Yes,2,Yes,Somewhat,No,Yes,Yes,Yes
11164494487,Yes,Yes,No,No,No,4,4,No,No,No,No
11163939883,2,4,Yes,Yes,Yes,No,No,No,No,No,No
11163388957,4,4,No,Somewhat,Somewhat,Somewhat,Somewhat,No,No,No,No
11163297153,,,,,,,,,,,
11162819218,Yes,Yes,No,No,No,4,4,4,No,Yes,Yes
11162801723,No,4,Somewhat,Somewhat,No,Somewhat,No,No,No,No,No
11162271812,4,Yes,No,No,No,No,Somewhat,No,No,2,No
11162152745,2,Yes,2,Somewhat,Yes,No,Yes,No,Somewhat,No,No
11161432220,No,Yes,Yes,Yes,Somewhat,Yes,No,No,No,Yes,No
11160859560,No,No,Yes,Yes,2,No,No,Yes,Yes,Yes,Yes
11160845455,2,4,Yes,Yes,4,2,Somewhat,Somewhat,Somewhat,4,Somewhat
11160839838,No,No,4,4,Yes,2,No,No,4,2,No
11160831679,2,Yes,No,Yes,4,Yes,2,No,Yes,No,No
11160827427,No,No,Yes,Yes,Yes,Yes,No,Yes,No,No,
11160822002,Somewhat,Somewhat,4,4,Somewhat,Somewhat,Somewhat,2,2,Somewhat,Yes
11160816054,No,No,Yes,Yes,Yes,No,No,Yes,Somewhat,No,No
11160810539,2,2,Somewhat,4,Somewhat,4,Somewhat,4,2,No,No
11160805278,No,4,4,Yes,Yes,No,2,2,2,2,No
11160791306,No,Yes,2,Yes,4,Somewhat,Somewhat,Yes,4,No,No
11160785593,Somewhat,Somewhat,,4,Somewhat,4,4,No,No,Yes,No
11160779076,No,No,Yes,Yes,Yes,No,No,Yes,2,No,No
11160773314,4,No,Yes,Yes,Yes,Somewhat,No,Yes,Somewhat,No,No
11160766622,No,No,Yes,Yes,Yes,Yes,Somewhat,No,Yes,Yes,No
11160766172,4,Yes,No,Somewhat,Somewhat,Yes,Yes,No,Yes,Yes,No
11160761445,No,No,Yes,Yes,Yes,No,No,No,No,No,No
11160753990,2,Yes,No,Yes,Somewhat,Somewhat,Somewhat,Yes,Yes,No,No
11160748232,No,Somewhat,Somewhat,Yes,Yes,Yes,Somewhat,No,No,No,No
11160740726,No,No,Yes,Yes,4,No,Somewhat,No,Yes,No,No
11160734603,No,Somewhat,2,Yes,Somewhat,2,No,Yes,2,Somewhat,No
11160723234,No,2,Yes,Yes,No,No,No,Somewhat,Yes,No,No
11160715764,No,Yes,No,4,Yes,Yes,Yes,Yes,No,Yes,No
11160709152,Somewhat,Somewhat,Somewhat,Yes,No,No,No,No,No,2,No
11160702251,No,Yes,No,Yes,Yes,Yes,Yes,No,No,No,No
11160696530,No,No,No,Yes,Yes,Yes,No,Yes,Yes,Somewhat,No
11160688201,No,No,Somewhat,Yes,No,Yes,Yes,Yes,Yes,No,No
11160682142,No,Somewhat,Somewhat,Somewhat,4,4,Somewhat,4,Yes,Yes,Yes
11160671864,Somewhat,2,,Yes,Somewhat,Somewhat,,2,4,Somewhat,4
11160664703,No,No,Yes,Yes,Yes,No,Yes,Yes,Yes,No,No
11160657255,Somewhat,Somewhat,Somewhat,Somewhat,Somewhat,Somewhat,Somewhat,Somewhat,Somewhat,Somewhat,No
11160649755,No,No,Yes,Yes,Yes,Somewhat,Yes,Yes,Somewhat,Yes,No
11160643190,No,No,Yes,Yes,2,No,4,Yes,2,Yes,Yes
11160623096,No,No,Yes,Yes,Yes,No,No,Yes,Yes,Yes,Yes
11160391837,No,Yes,Yes,Yes,Somewhat,Somewhat,No,No,No,No,No
11160236580,No,Yes,Somewhat,Yes,Yes,No,No,Yes,Somewhat,No,No
11160198624,No,No,Yes,Yes,Somewhat,4,Somewhat,Yes,No,Yes,Yes
11160194782,2,4,Yes,Yes,4,No,Somewhat,No,No,No,No
11160192650,No,No,Yes,Yes,Somewhat,4,No,Yes,No,Yes,Yes
11160183275,2,Somewhat,Yes,Yes,Yes,No,Somewhat,Yes,Somewhat,No,No
11160183107,No,No,Yes,Yes,Yes,4,Yes,Yes,Yes,Yes,Yes
11160176796,No,No,Yes,Yes,Yes,No,Somewhat,Yes,Yes,Yes,
11160175349,No,No,Yes,Yes,Yes,Somewhat,Somewhat,Yes,Yes,Yes,Yes
11160167278,Somewhat,Somewhat,Somewhat,Somewhat,Somewhat,Somewhat,Somewhat,No,Somewhat,No,No
11160166822,Somewhat,2,No,,2,Somewhat,Somewhat,Somewhat,,2,No
11160158525,Somewhat,No,Yes,Yes,Yes,Yes,Yes,No,Yes,Yes,Yes
11160156592,No,No,Somewhat,Yes,4,No,No,Yes,Yes,Yes,Yes
11160150713,No,No,Yes,Yes,Yes,2,Somewhat,Yes,Yes,No,
11160145292,No,Yes,Yes,Yes,Yes,No,Somewhat,Yes,Yes,4,No
11160140163,No,No,Yes,Yes,Yes,Somewhat,Somewhat,Yes,Yes,Yes,No
11160133375,Somewhat,Somewhat,Somewhat,Somewhat,Somewhat,Yes,Somewhat,Yes,Yes,Yes,Yes
11160114124,No,No,Yes,Yes,4,Yes,Yes,4,2,Yes,Yes
11160087778,No,No,Yes,Yes,Yes,Yes,Yes,Yes,Yes,Yes,Yes
11160081544,No,2,Yes,Yes,4,No,2,4,No,No,No
11160072417,2,Somewhat,Yes,Yes,Somewhat,Somewhat,No,No,No,Yes,4
11160058432,Somewhat,No,Yes,4,No,2,Yes,Yes,Somewhat,Yes,Yes
11160050229,No,No,Yes,Yes,Yes,No,Somewhat,Yes,Yes,No,No
11160032419,Somewhat,Somewhat,2,2,2,2,No,No,No,No,No
11160024805,4,Somewhat,Somewhat,,Somewhat,Somewhat,2,No,No,Somewhat,No
11160016253,2,2,4,4,Somewhat,2,2,2,Somewhat,Somewhat,No
11160007197,No,No,Yes,Yes,Yes,No,Somewhat,Yes,Yes,No,No
11160001373,2,No,4,4,Somewhat,Yes,Somewhat,Somewhat,Somewhat,Somewhat,Somewhat
11159993452,No,No,Yes,Yes,No,Somewhat,No,Yes,Yes,4,Yes
11159983528,2,Somewhat,Yes,Yes,Yes,Yes,4,4,Yes,Somewhat,No
11159969440,Somewhat,Somewhat,Yes,Yes,Yes,4,4,4,Yes,Yes,Yes
11159945746,2,Yes,No,4,Somewhat,Yes,Somewhat,4,2,Yes,Somewhat
11159915169,No,2,Yes,Yes,Somewhat,Yes,No,No,No,Yes,No
11159874639,No,Yes,Yes,Yes,Somewhat,Somewhat,Yes,No,No,4,Somewhat
11159833224,4,Yes,No,Somewhat,No,Somewhat,No,No,2,No,No
11159580546,2,Yes,No,4,Somewhat,Somewhat,Yes,No,Somewhat,Somewhat,No
11159545783,4,Yes,No,No,No,Yes,4,No,Somewhat,Yes,Yes
11159453494,,,,,,,,,,,
11159150368,No,No,No,Yes,Yes,No,Somewhat,No,No,No,No
11158603756,No,Yes,Yes,Yes,Yes,Somewhat,Yes,No,Yes,Yes,Yes
11158344605,No,Somewhat,Yes,Yes,Somewhat,Yes,No,No,,Yes,Yes
11158124724,Somewhat,Somewhat,Somewhat,Somewhat,Somewhat,Somewhat,Somewhat,Somewhat,Somewhat,2,4
11158114694,2,Yes,4,Yes,No,Somewhat,No,No,No,Yes,Yes
11158093972,Yes,Yes,Yes,Yes,Yes,Yes,Yes,Yes,Yes,Yes,Yes
11158066008,No,Yes,Yes,Yes,Yes,Yes,No,No,No,Yes,Yes
11158051821,Somewhat,Somewhat,Yes,Yes,Yes,Somewhat,Yes,No,Somewhat,Yes,Somewhat
11158050713,No,No,Yes,Yes,Yes,Yes,Yes,No,No,Yes,Yes
11158044531,Somewhat,Yes,No,2,Somewhat,Somewhat,Somewhat,No,No,Yes,Yes
11158030580,No,Somewhat,Yes,Yes,Yes,Yes,No,2,No,Yes,Yes
11158029931,No,Yes,Yes,Yes,No,No,No,No,Somewhat,Yes,No
11158017301,No,No,2,No,2,Somewhat,No,No,2,2,No
11158012615,Somewhat,Yes,No,Yes,Yes,Yes,Somewhat,No,No,No,No
11158001994,2,Somewhat,Yes,Yes,Somewhat,4,No,4,4,No,No
11157998657,2,4,Yes,4,No,No,No,No,Somewhat,Yes,No
11157992334,Yes,Yes,Yes,Yes,Yes,Yes,Yes,Yes,Yes,Yes,
11157984902,Somewhat,Yes,2,,No,No,No,No,No,No,No
11157982800,No,Somewhat,No,Somewhat,No,No,Yes,No,Yes,Somewhat,No
11157973953,Yes,Yes,No,No,No,Yes,No,No,No,Yes,No
11157960875,Yes,Yes,No,No,No,Yes,Somewhat,No,No,Yes,No
11157958204,Somewhat,Yes,2,4,4,4,2,2,4,No,No
11157946891,4,Yes,No,No,No,Somewhat,2,No,4,No,No
11157929114,2,2,No,4,No,4,Somewhat,No,No,Yes,Yes
11157907426,4,4,4,4,4,4,4,4,4,Yes,Yes
11157896675,Somewhat,Yes,No,Somewhat,No,Yes,2,No,2,Yes,Yes
11157895116,4,4,4,4,4,4,4,4,4,No,No
11157757028,4,Yes,Yes,Yes,Yes,Yes,Yes,Yes,Yes,4,Yes
11157515766,Somewhat,4,2,Yes,2,Somewhat,2,No,Somewhat,No,No
11157439953,4,Yes,No,No,No,Yes,No,No,No,Yes,No
11157265408,,,,Somewhat,,,,,,4,No
11157108200,Somewhat,Somewhat,No,No,2,2,4,2,2,No,No
11157026557,4,4,No,No,No,Yes,No,No,No,Somewhat,No
11156931095,No,Somewhat,Yes,Yes,Yes,Somewhat,2,No,Somewhat,Yes,Yes
11156888513,No,No,Yes,Yes,Yes,No,Somewhat,No,Somewhat,No,No
11156850466,No,2,Yes,Yes,Yes,Somewhat,2,4,Somewhat,Somewhat,No
11156829742,No,No,Yes,Yes,Yes,Somewhat,Yes,Somewhat,No,Somewhat,No
11156806883,No,Somewhat,Somewhat,Yes,No,Somewhat,Somewhat,No,Somewhat,Yes,No
11156792191,2,2,2,Yes,2,2,Somewhat,Yes,Yes,No,No
11156783723,2,2,Yes,Yes,Somewhat,Somewhat,4,No,No,No,No
11156770507,No,No,,Yes,,No,No,Somewhat,2,Somewhat,Somewhat
11156757930,No,No,Yes,Yes,No,No,No,Yes,Somewhat,Yes,No
11156709964,4,Yes,2,2,2,Yes,No,No,No,Yes,No
11156707039,2,Yes,Yes,4,Somewhat,No,No,Yes,No,No,No
11156688923,Somewhat,Yes,No,No,Somewhat,Somewhat,Somewhat,No,No,Somewhat,No
11156644663,No,Yes,Somewhat,Yes,4,No,No,2,4,No,No
11156634279,No,No,Yes,Yes,Somewhat,No,Somewhat,Somewhat,Yes,No,No
11156566274,No,2,No,Yes,Somewhat,Yes,No,Yes,No,Yes,No
11156546382,No,Somewhat,Yes,Yes,Yes,Somewhat,No,No,Somewhat,Yes,Yes
11156523841,Somewhat,Yes,No,No,No,Yes,Somewhat,No,No,No,No
11156513419,No,4,Yes,Yes,4,No,2,2,4,Yes,Yes
11156490234,No,No,Somewhat,Yes,Somewhat,No,No,No,Yes,No,No
11156465714,4,Yes,No,No,No,Somewhat,Somewhat,No,No,Yes,No
11156356164,Yes,Yes,No,Somewhat,No,Yes,No,No,No,Yes,Yes
11156298433,Somewhat,Yes,No,Somewhat,No,Yes,Yes,No,Somewhat,Yes,No
11156206751,No,Yes,Yes,Yes,No,No,Somewhat,No,Somewhat,Yes,Yes
11156141518,2,2,No,Somewhat,4,No,2,No,No,No,No
11154518306,4,Yes,No,No,2,Yes,Yes,2,No,No,No
11154270878,Yes,Yes,No,No,No,,No,No,No,No,No
11154243190,4,4,2,2,2,Somewhat,2,No,No,No,No
11154230975,No,No,Yes,Yes,Yes,No,No,Yes,Yes,No,No
11154220690,2,No,Yes,Yes,Yes,Somewhat,No,Somewhat,Yes,Yes,Yes
11154182451,2,No,Yes,Yes,Yes,Somewhat,4,Yes,Yes,2,No
11154165750,No,No,Yes,Yes,Yes,No,Yes,No,Yes,No,No
11154046568,No,No,Yes,Yes,Yes,Yes,4,Yes,Yes,Yes,Yes
11154032699,2,No,Yes,Yes,Somewhat,2,2,No,No,2,No
11154008556,No,No,Yes,Yes,Yes,Yes,Yes,,Yes,No,No
11153960018,2,2,2,2,Somewhat,4,Somewhat,4,No,Yes,4
11153935110,Somewhat,Yes,Yes,Yes,4,Yes,Somewhat,No,Yes,No,No
11153928476,No,No,Yes,Yes,Yes,Yes,4,Yes,Yes,Yes,Yes
11153918810,Somewhat,Yes,2,Somewhat,4,Yes,Yes,Yes,Yes,No,No
11153903113,No,4,Yes,Yes,Somewhat,Yes,No,No,No,No,No
11153829852,Somewhat,Yes,No,No,No,2,No,No,No,No,No
11153766917,Somewhat,Yes,No,Yes,No,Somewhat,No,No,No,No,No
11152954615,4,Yes,No,No,No,4,Yes,No,No,Somewhat,No
11152946199,2,Yes,2,Yes,4,4,Somewhat,No,Somewhat,Somewhat,2
11152865758,No,No,No,Somewhat,Somewhat,No,Somewhat,No,Somewhat,Yes,Yes
11152852941,4,Yes,No,No,No,4,Somewhat,No,No,Yes,2
11152852098,Somewhat,Yes,No,No,Somewhat,Somewhat,Somewhat,No,Somewhat,No,No
11152789413,4,Yes,No,No,No,Yes,Yes,No,2,Yes,Yes
11152725282,Somewhat,Somewhat,,2,2,,Somewhat,,Somewhat,Somewhat,
11152605929,No,Somewhat,Yes,Yes,Yes,Yes,Yes,Somewhat,Yes,No,No
11152424058,Somewhat,Yes,No,No,No,Yes,Somewhat,No,No,No,No
11150856257,Somewhat,4,No,2,No,Somewhat,Somewhat,No,No,4,4
11150755946,No,2,Somewhat,4,No,2,Somewhat,No,2,Somewhat,No
11150513432,Somewhat,4,No,2,No,4,Somewhat,No,No,Somewhat,
11150490306,No,Yes,4,Yes,No,Somewhat,Somewhat,2,No,No,No
11150285615,No,Somewhat,Yes,Yes,Yes,No,No,No,Somewhat,Yes,Yes
11149917596,Yes,Yes,No,No,No,Yes,Yes,No,No,Yes,Yes
11148814111,Yes,Yes,No,No,No,Yes,Somewhat,No,No,Yes,No
11148656975,Yes,Yes,No,No,No,Yes,Yes,No,No,Yes,No
11148417570,4,Yes,No,No,No,No,Yes,No,No,Yes,No
11148396475,No,4,Somewhat,Yes,Yes,Yes,Somewhat,No,Yes,Yes,Yes
11148395089,No,No,Yes,Yes,Yes,Yes,No,Somewhat,Yes,Yes,Yes
11148393012,Somewhat,Somewhat,No,Somewhat,No,Yes,No,No,No,No,No
11148304045,No,2,Somewhat,4,2,4,4,No,No,No,No
11148254681,Somewhat,Yes,No,No,No,No,4,No,Yes,Yes,Yes
11148199495,No,Somewhat,4,Yes,Somewhat,4,2,No,No,Somewhat,No
11148183587,2,Yes,No,Somewhat,No,Yes,Yes,No,No,Yes,No
11148043130,4,Yes,No,No,No,Yes,Yes,No,Yes,Yes,4
11148008740,No,Yes,No,Yes,,Somewhat,No,No,2,4,
11147956480,No,Yes,No,4,No,Yes,Somewhat,No,Somewhat,Yes,No
11147949392,Somewhat,Yes,No,4,4,Somewhat,Somewhat,Yes,2,No,No
11147653510,No,Yes,Somewhat,Yes,Yes,Yes,2,No,2,No,No
11147027664,Somewhat,Yes,No,No,2,Yes,Somewhat,2,No,Yes,Yes
11146999714,No,Yes,Yes,Yes,Somewhat,Somewhat,Yes,No,No,No,No
11146654275,4,Yes,No,No,No,4,Somewhat,No,Somewhat,Yes,No
11146422242,Somewhat,Yes,No,Somewhat,Somewhat,Yes,Yes,Yes,Somewhat,Yes,Yes
11145532810,Yes,Yes,No,No,No,Yes,Somewhat,No,No,No,No
11145322476,Somewhat,Yes,No,No,No,2,No,No,No,No,No
11144852296,Somewhat,Yes,No,No,Somewhat,Yes,Yes,No,Yes,Yes,No
11144480699,2,Yes,2,Yes,No,Yes,No,No,No,Yes,Yes
11144220820,4,Yes,No,No,No,Yes,No,No,No,Yes,No
11144127020,Somewhat,Yes,No,No,No,4,Somewhat,,No,No,No
11143736310,No,Yes,Somewhat,Yes,Yes,Somewhat,No,No,2,No,No
11143612405,2,Yes,No,2,No,Yes,Yes,No,No,No,No
11142619722,Yes,Yes,No,No,Somewhat,Somewhat,No,No,No,Yes,No
11142100243,2,Yes,No,Somewhat,4,Yes,Somewhat,Yes,No,No,No
11142084354,No,Somewhat,4,4,Yes,4,Somewhat,No,Yes,Yes,Yes
11142074304,No,4,No,Yes,4,Yes,Yes,No,No,No,No
11142065350,2,Yes,No,No,No,Yes,Somewhat,No,No,No,No
11142057879,Yes,Yes,Yes,Yes,Yes,Yes,Yes,Yes,Yes,Yes,Yes
11142049048,No,Yes,Yes,Yes,Yes,Yes,Yes,No,Somewhat,Yes,Yes
11142041256,No,No,No,Somewhat,No,No,No,No,No,No,No
11142018502,No,Yes,Yes,Yes,Yes,Yes,Yes,No,Yes,Yes,Yes
11141935354,2,4,No,Yes,2,No,Somewhat,No,No,Yes,No
11141889590,No,Yes,Somewhat,Yes,Yes,Yes,Yes,No,No,No,No
11141752083,Somewhat,Yes,No,Somewhat,No,Yes,4,No,No,2,No
11141702367,Somewhat,Yes,No,Somewhat,No,Yes,Somewhat,No,No,No,No
11141624659,4,Yes,No,Yes,No,Yes,No,No,No,Yes,Yes
11141615451,4,4,No,4,Somewhat,Somewhat,Somewhat,No,No,Yes,Yes
11141494985,,,,,,,,,,,
11141300188,Yes,Yes,No,No,No,Yes,No,No,No,Yes,No
11141222098,No,Yes,Yes,Yes,No,No,No,No,No,Yes,No
11141189996,4,Yes,No,2,No,Yes,No,No,No,Yes,Yes
11140998605,Somewhat,4,No,Somewhat,No,Yes,No,No,,Yes,4
11140985811,2,4,Somewhat,2,2,No,No,No,2,Yes,Somewhat
11140913133,4,4,2,2,Somewhat,Somewhat,Somewhat,No,Somewhat,2,No
11140846801,4,Yes,Yes,No,No,No,No,No,No,4,No
11140704603,Somewhat,Yes,No,2,No,2,No,No,No,No,No
11140698385,Somewhat,Yes,No,Yes,2,Somewhat,No,No,2,Yes,Somewhat
11140698362,Somewhat,Yes,No,Somewhat,No,Somewhat,Somewhat,No,No,Yes,No
11140419656,4,Yes,Yes,Yes,,Yes,Somewhat,No,No,Yes,No
11140388179,Yes,Yes,Yes,Yes,Yes,Yes,Yes,Yes,Yes,Yes,Yes
11140355196,Somewhat,4,No,2,No,Yes,2,No,No,No,No
11140347387,,Somewhat,Somewhat,4,,Somewhat,No,No,2,No,No
11140220155,No,No,Yes,Yes,Yes,No,No,No,No,No,No
11140205095,4,Yes,No,No,2,Yes,Yes,No,No,Yes,No
11140194394,2,Yes,Somewhat,Somewhat,Somewhat,Yes,Yes,No,4,Yes,No
11140192296,No,Yes,No,Yes,Somewhat,2,Somewhat,No,No,No,No
11139150276,Yes,Yes,No,No,No,No,Yes,No,No,Yes,No
11138936139,Yes,Yes,No,4,4,Somewhat,Yes,No,No,2,No
11138862235,Somewhat,Yes,4,4,No,Somewhat,No,No,4,Somewhat,No
11138743825,4,4,No,2,No,Somewhat,No,No,No,2,No
11138715314,Yes,Yes,No,2,2,No,No,Yes,2,No,No
11138592710,4,Yes,4,4,4,4,Somewhat,No,No,4,Yes
11138538785,,,,,,,,,,,
11138529217,Yes,4,No,No,2,Yes,No,No,No,4,No
11138507458,Yes,Yes,No,No,Somewhat,4,2,No,No,Yes,No
11138498002,No,Yes,No,Yes,No,Somewhat,No,No,Yes,No,No
11138487982,2,Yes,No,Somewhat,2,No,Somewhat,No,No,No,No
11138466300,No,Yes,No,Yes,2,Somewhat,No,No,No,No,No
11138393879,No,4,4,Yes,2,2,2,Yes,2,No,No
11138376727,4,Yes,No,2,No,No,Yes,No,No,Yes,No
11138316364,2,Somewhat,Yes,Yes,4,Yes,Yes,No,No,4,Yes
11138313382,,,,,,,,,,,
11138287555,Somewhat,Yes,No,No,No,2,No,No,2,Yes,No
11138224081,Somewhat,4,2,4,Somewhat,No,Somewhat,No,2,No,No
11138157561,4,4,No,Yes,No,No,No,No,No,No,No
11138137550,Yes,Yes,No,No,No,No,No,Somewhat,No,No,No
11138106278,Yes,Yes,No,Somewhat,No,4,2,No,4,No,No
11138045847,Somewhat,Yes,No,No,4,4,2,No,4,No,No
11138019849,Somewhat,4,No,No,Somewhat,Yes,No,2,2,Yes,No
11138005454,4,Yes,No,No,No,2,2,No,No,Somewhat,No
11137992851,2,Yes,Yes,Yes,No,Somewhat,Somewhat,2,No,No,No
11137989208,Yes,Yes,No,No,No,,Somewhat,No,No,No,No
11137960114,2,Yes,No,2,2,4,Yes,No,No,No,No
11137925107,2,4,4,Yes,2,4,4,No,No,Yes,No
11137916021,2,Somewhat,Yes,Yes,4,2,No,No,Yes,Yes,Yes
11137915849,Yes,No,No,No,Yes,Somewhat,No,No,No,No,No
11137910097,Somewhat,Yes,No,4,No,Yes,Somewhat,No,Yes,Yes,No
11137886188,2,Somewhat,4,Yes,Yes,Somewhat,2,No,Yes,Yes,No
11137873081,Yes,Yes,No,No,No,Yes,2,No,Somewhat,Yes,No
11137848033,Yes,Yes,No,Somewhat,No,Yes,Somewhat,No,No,Yes,No
11137754131,No,Yes,Yes,Yes,Somewhat,Yes,No,No,No,No,No
11137741790,No,Yes,Somewhat,Yes,Yes,2,No,No,No,No,No
11137720527,2,4,4,Yes,2,Yes,Somewhat,No,No,No,No
11137712299,Yes,Yes,No,No,No,4,Yes,No,No,Somewhat,No
11137706303,Yes,Yes,No,2,No,Somewhat,No,No,No,Yes,No
11137686816,2,4,Somewhat,Somewhat,No,Somewhat,No,No,2,No,No
11137678063,Somewhat,Yes,No,No,Yes,No,No,No,No,No,No
11137657646,Yes,Yes,No,No,No,No,Yes,No,No,Yes,Yes
11137629966,,,,,,,,,,,
11137621463,Somewhat,Yes,No,No,No,Yes,4,No,No,Somewhat,No
11137547682,Yes,Yes,No,No,No,2,Somewhat,No,No,No,No
11137546607,Somewhat,Yes,No,2,2,Yes,Yes,No,No,No,No
11137545749,Somewhat,4,Somewhat,Yes,Somewhat,Somewhat,No,No,No,4,No
11137542900,No,Yes,No,Somewhat,No,No,2,No,No,Yes,No
11137538172,4,Yes,No,No,No,Somewhat,No,No,No,Yes,No
11137534789,2,Somewhat,No,No,No,Somewhat,No,No,No,No,No
11137526471,No,Yes,Yes,Yes,No,Somewhat,No,No,No,Somewhat,No
11137498875,2,Yes,No,Somewhat,No,No,No,No,Somewhat,No,
11137497087,4,Yes,No,Somewhat,Somewhat,Yes,Somewhat,No,No,No,No
11137490425,No,Yes,Somewhat,Yes,Somewhat,Somewhat,Somewhat,No,Somewhat,Somewhat,No
11137488277,,,,,,,,,,,
11137482537,No,4,2,Yes,Somewhat,Somewhat,No,No,No,No,No
11137478115,Yes,Yes,No,No,No,Somewhat,Somewhat,No,No,No,No
11137477086,4,4,No,Somewhat,Yes,Somewhat,No,No,No,No,No
11137458593,No,Yes,Yes,2,No,Somewhat,2,No,No,No,No
11137393620,Yes,Yes,No,No,Yes,Somewhat,No,2,No,No,No
11137392091,4,Yes,No,2,No,No,No,No,No,No,No
11137384639,2,,2,Yes,2,Somewhat,No,No,4,2,Yes
11137355166,Somewhat,Yes,No,4,No,No,Somewhat,No,No,Yes,No
11137324489,Somewhat,Somewhat,No,No,No,Yes,4,No,No,No,No
11137323791,4,4,No,Somewhat,2,Somewhat,2,No,No,No,No
11137322976,Somewhat,4,No,No,No,Yes,No,No,No,Yes,No
11137319635,4,Yes,No,2,4,Yes,Yes,No,Yes,No,No
11137309348,Somewhat,4,No,No,No,4,No,Yes,No,Somewhat,No
11137278716,2,Yes,No,Yes,No,Yes,Yes,No,No,No,No
11137273171,4,4,No,No,No,No,4,No,No,No,No
11137271754,No,4,No,Somewhat,2,Somewhat,No,No,4,No,No
11137269279,,,,,,,,,,,
11137253190,Somewhat,Yes,2,Somewhat,2,4,2,No,Yes,Yes,No
11137246262,No,Yes,No,Somewhat,4,Somewhat,2,Yes,Somewhat,No,No
11137244681,No,Yes,No,No,Yes,Yes,Somewhat,No,No,No,No
11137229215,No,4,,Yes,Yes,Somewhat,Somewhat,No,No,No,No
11137226266,4,Yes,No,2,2,4,Somewhat,No,No,No,No
11137221627,Somewhat,4,No,No,No,Yes,Somewhat,No,No,No,No
11137214994,No,No,4,Yes,4,4,2,No,No,4,No
11137206795,Somewhat,Yes,No,No,Somewhat,Somewhat,,,No,No,No
11137203855,2,4,Somewhat,Somewhat,No,2,4,No,4,No,No
11137197785,No,Yes,No,Somewhat,Somewhat,4,No,No,2,Yes,No
11137189640,2,Yes,No,Somewhat,No,No,No,No,No,No,No
11137180438,4,Yes,No,No,2,Yes,No,No,No,Yes,No
11137179856,Somewhat,Somewhat,Somewhat,4,Somewhat,Somewhat,2,No,No,No,No
11137168034,No,Somewhat,2,2,2,2,Somewhat,No,No,No,No
11137162033,,,,,,,,,,,
11137155503,Yes,Yes,No,Somewhat,No,Yes,No,No,No,No,No
11137150343,2,4,2,Yes,Somewhat,Somewhat,No,2,Yes,Somewhat,No
11137147920,Somewhat,2,2,Somewhat,Somewhat,Somewhat,2,No,4,Somewhat,Somewhat
11137139654,4,Yes,No,2,Somewhat,4,2,No,Somewhat,No,No
11137137366,No,Yes,No,Somewhat,Somewhat,Yes,No,No,No,Yes,No
11137134057,No,Somewhat,2,2,2,No,Somewhat,No,No,No,No
11137129074,Somewhat,Yes,2,Yes,2,Somewhat,No,Somewhat,2,4,No
11137126379,4,Yes,No,No,No,Yes,4,No,No,No,No
11137125150,4,Yes,No,No,No,Yes,2,No,No,No,No
11137119273,No,Yes,4,Somewhat,4,No,Somewhat,,No,No,No
11137113390,2,Yes,No,No,No,4,Somewhat,No,No,No,No
11137113159,No,Yes,2,Yes,No,No,Somewhat,No,No,No,No
11137106222,Somewhat,4,No,No,No,Somewhat,Somewhat,No,No,4,No
11137105933,2,4,No,Yes,No,4,2,No,No,No,No
11137104397,No,Yes,No,Somewhat,No,Yes,No,No,No,No,No
11137103951,Somewhat,Yes,2,Somewhat,No,Somewhat,No,No,Somewhat,2,No
11137102446,4,Yes,No,No,No,No,Yes,No,No,No,
11137088135,No,Yes,No,4,2,No,Yes,No,2,No,No
11137085697,No,Yes,No,Yes,No,No,Somewhat,No,No,No,No
11137082722,4,Yes,No,2,No,4,4,No,No,No,No
11137079779,4,Yes,No,No,No,No,No,No,Somewhat,Yes,Yes
11137078837,Yes,Yes,No,No,No,Somewhat,2,No,No,No,No
11137078151,2,4,Somewhat,Somewhat,4,,Somewhat,No,No,No,No
11137072694,No,Somewhat,Yes,Yes,No,Somewhat,No,No,No,No,No
11137067939,No,No,Yes,Yes,Yes,No,Yes,Yes,Yes,No,No
11137067519,No,Yes,No,No,Yes,Yes,2,No,Yes,2,2
11137066390,Yes,Yes,No,No,No,2,No,No,No,No,No
11137065810,Somewhat,Somewhat,Yes,Yes,Yes,Somewhat,No,No,No,No,No
11137065271,4,4,No,No,No,Somewhat,Somewhat,No,No,Somewhat,No
11137062434,Yes,4,No,Yes,Somewhat,4,4,Yes,Somewhat,No,No
11137057202,2,4,No,4,No,4,Somewhat,No,No,No,No
11137055157,,,,,,,,,,,
11137051829,2,Somewhat,Somewhat,Somewhat,No,No,2,No,No,No,No
11137051255,2,2,2,4,2,2,Somewhat,2,No,2,No
11137049306,2,4,4,Yes,Yes,Somewhat,No,No,No,No,No
11137048670,2,Yes,No,No,Yes,Yes,Somewhat,No,No,Yes,No
11137045372,Somewhat,4,4,Yes,Somewhat,2,2,No,Somewhat,No,No
11137044019,,,,,,,,,,,
11137035274,Yes,Yes,Yes,No,No,Yes,Yes,No,No,Yes,No
11137034761,No,Yes,No,Yes,2,No,No,No,No,No,No
11137032978,2,4,Yes,2,2,4,Yes,No,No,No,No
11137028862,No,Yes,Yes,Yes,Somewhat,Yes,Yes,No,No,Yes,Yes
11137022470,No,Yes,Yes,Yes,Somewhat,Somewhat,No,No,No,No,No
11137020986,Somewhat,Yes,No,Somewhat,2,Yes,No,No,No,Somewhat,No
11137017264,Somewhat,4,No,2,2,4,2,No,2,No,No
11137010616,No,Somewhat,No,No,No,Yes,Somewhat,No,No,No,No
11137009190,2,Yes,2,Somewhat,Somewhat,Somewhat,Somewhat,2,4,Somewhat,No
11137001398,2,Yes,Somewhat,Yes,No,Yes,Yes,No,No,No,No
11136998009,No,Yes,4,Yes,No,Somewhat,No,No,No,Yes,2
11136996319,Somewhat,Yes,No,4,Somewhat,Somewhat,2,No,No,Yes,No
11136989188,,,,,,,,,,,
11136977073,4,Yes,No,No,No,4,Somewhat,No,No,Yes,No
11136972642,2,4,No,4,No,No,2,No,No,No,No
11136966719,4,Yes,No,2,No,Yes,4,No,No,Yes,No
11136962243,No,Yes,Yes,Yes,Yes,No,Yes,No,No,Somewhat,No
11136961866,2,Yes,4,Yes,Yes,Somewhat,Somewhat,No,No,Yes,No
11136959430,No,,,Somewhat,No,No,No,Somewhat,No,No,No
11136957508,2,4,No,Yes,Somewhat,Yes,Yes,2,Yes,No,No
11136949762,Yes,Yes,No,No,Somewhat,Somewhat,Somewhat,No,Yes,No,No
11136949282,Somewhat,Yes,No,No,4,4,4,Somewhat,Somewhat,No,No
11136947817,2,Yes,No,No,No,Yes,Somewhat,No,No,No,No
11136943624,4,Yes,No,Yes,No,Yes,Somewhat,No,No,Somewhat,No
11136942467,No,Yes,No,Somewhat,Yes,Yes,Yes,No,No,No,No
11136939265,No,2,4,Yes,4,2,No,No,,No,No
11136938345,Somewhat,Yes,No,No,No,Somewhat,No,No,2,Somewhat,Somewhat
11136933756,No,Yes,No,Somewhat,No,Yes,Somewhat,No,Somewhat,No,No
11136929606,2,4,,4,4,4,2,No,2,No,No
11136928200,,,,,,,,,,,
11136925399,4,Yes,No,2,4,4,No,No,No,No,No
11136922560,,,,,,,,,,,
11136921897,Yes,Yes,No,No,No,Yes,Yes,No,No,Yes,No
11136914706,4,Yes,2,Somewhat,2,No,2,No,No,No,No
11136913683,2,Yes,Somewhat,Somewhat,2,2,2,No,Somewhat,4,Yes
11136911984,4,Yes,No,2,No,Somewhat,Yes,No,No,Yes,No
11136911694,Yes,Yes,No,Somewhat,No,Yes,No,No,No,No,No
11136910108,4,Yes,No,No,No,4,Somewhat,No,No,Yes,No
11136907052,4,Yes,No,No,No,2,No,No,No,Somewhat,No
11136905064,No,Somewhat,Yes,Yes,Somewhat,Yes,No,No,No,Yes,Yes
11136903223,No,Yes,No,No,Yes,Somewhat,Somewhat,No,Somewhat,Yes,No
11136901693,Somewhat,4,No,Somewhat,No,Yes,Somewhat,No,No,No,No
11136901330,Somewhat,Yes,Yes,4,4,Somewhat,Somewhat,2,4,No,No
11136897266,4,Yes,No,Somewhat,2,4,2,No,No,No,No
11136894826,No,Somewhat,No,Somewhat,2,No,No,4,2,No,No
11136894754,Somewhat,Yes,No,2,No,Yes,No,No,No,Yes,No
11136891896,No,4,No,Yes,4,Yes,No,No,No,No,No
11136891159,Somewhat,Yes,No,No,2,No,Somewhat,No,No,Yes,Yes
11136888889,2,No,Yes,Yes,Yes,No,2,No,No,No,No
11136887792,Somewhat,Yes,No,Yes,No,No,Yes,No,No,No,No
11136887703,Somewhat,Somewhat,No,No,No,4,4,No,No,No,No
11136887637,Yes,Yes,No,No,No,4,No,No,No,No,No
11136885974,No,4,4,4,No,4,4,2,Somewhat,Yes,Yes
11136882740,No,2,2,Yes,Yes,Yes,Yes,No,No,No,No
11136882470,2,4,No,2,No,2,No,2,4,No,No
11136880612,No,Yes,Somewhat,Yes,4,Yes,No,No,No,No,No
11136880559,Yes,Yes,No,Yes,Somewhat,No,No,2,No,No,No
11136880440,No,Yes,Somewhat,Yes,Somewhat,4,4,No,Yes,Somewhat,Somewhat
11136876890,Somewhat,Yes,No,No,Somewhat,No,No,No,No,No,No
11136873488,2,Yes,No,Yes,Yes,4,Somewhat,No,Yes,No,No
11136872757,2,Yes,No,No,Somewhat,No,2,No,No,No,No
11136869774,No,Yes,Yes,Yes,Yes,No,No,No,No,2,2
11136869415,,,,,,,,,,,
11136868205,Somewhat,Yes,No,2,No,,No,No,No,No,No
11136868180,Somewhat,Yes,No,4,No,No,No,Yes,No,No,No
11136867502,No,Yes,Yes,Yes,No,No,No,No,No,No,No
11136866712,Somewhat,Yes,No,2,No,Yes,Somewhat,No,No,Yes,Yes
11136863703,,,,,,,,,,,
11136862974,Yes,Yes,No,No,No,Somewhat,No,No,No,No,No
11136862588,Somewhat,Yes,No,2,No,Yes,Yes,No,No,Yes,No
11136862057,No,4,No,Somewhat,No,No,Somewhat,No,No,No,No
11136859429,2,4,Yes,Yes,Yes,4,2,No,Yes,No,No
11136857682,4,Yes,No,No,No,Somewhat,Somewhat,No,No,Yes,No
11136857642,No,Yes,Yes,Yes,No,No,2,No,No,No,No
11136857290,Somewhat,Yes,No,Somewhat,Somewhat,Somewhat,Somewhat,No,2,Yes,Yes
11136856698,Somewhat,Yes,Somewhat,Yes,4,Somewhat,2,4,No,4,No
11136856058,4,Yes,Yes,Yes,2,No,Yes,Yes,No,No,No
11136854536,No,Yes,Yes,Yes,Yes,2,Somewhat,No,Yes,No,No
11136853806,No,Yes,Yes,Yes,Yes,Yes,No,No,Somewhat,2,No
11136852442,2,Yes,No,No,2,Somewhat,2,No,No,No,No
11136850845,Yes,Yes,No,No,No,No,Yes,No,No,Yes,Somewhat
11136848277,No,4,No,Yes,Yes,Yes,No,No,2,No,No
11136847230,,,,,,,,,,,
11136846678,Somewhat,Yes,No,4,No,Yes,No,No,No,Yes,No
11136716294,No,Somewhat,Yes,Yes,Yes,No,Somewhat,No,Somewhat,Yes,Yes
11136582696,4,Yes,No,No,No,Yes,No,No,No,No,No
11135885066,Yes,Yes,No,Somewhat,2,4,4,No,No,Yes,No
11135847177,No,No,Yes,Yes,Yes,Yes,Yes,No,Yes,Yes,No
11135844893,4,4,No,No,No,Somewhat,4,No,No,No,No
11135725170,Somewhat,Yes,No,2,No,Somewhat,No,No,Somewhat,No,No
11135723825,Yes,Yes,No,No,2,Yes,Yes,No,No,Yes,Yes
11135361559,No,2,Yes,Yes,Yes,No,No,No,Yes,Somewhat,No
11135337524,No,2,Yes,Yes,4,No,No,No,Somewhat,Yes,Yes
11134266915,Yes,Yes,No,No,No,No,2,No,No,2,No
11134053340,Somewhat,Somewhat,No,Somewhat,Somewhat,Somewhat,Somewhat,No,No,No,No
11133960112,Somewhat,Yes,No,Somewhat,2,Yes,2,No,Somewhat,No,No
11133846050,4,Yes,No,2,2,Yes,2,Somewhat,No,Yes,No
11133831339,Yes,Yes,No,No,No,Somewhat,Somewhat,No,No,No,No
11133776748,Yes,Yes,No,No,No,Yes,4,No,No,Yes,No
11133720675,No,Yes,Yes,Yes,Somewhat,Somewhat,2,Yes,Yes,No,No
11132490960,No,2,Yes,Yes,Yes,Yes,No,No,4,Yes,Yes
11132439930,No,Somewhat,Yes,Yes,Yes,Yes,2,No,Yes,No,No
11132293435,4,Yes,No,4,No,Yes,Somewhat,2,No,No,No
11132278959,Somewhat,Somewhat,Somewhat,No,No,No,No,Somewhat,No,Somewhat,Yes
11131228070,No,Yes,Yes,,Yes,Somewhat,No,No,No,Yes,Yes
11129974751,No,Somewhat,No,Yes,Yes,No,Somewhat,No,No,4,No
11129954385,2,4,No,4,No,4,No,No,2,No,No
11129761694,4,Yes,No,No,Somewhat,No,2,No,2,Yes,No
11129747416,4,Yes,No,No,No,Somewhat,No,Somewhat,No,Yes,No
11129603299,Somewhat,Yes,No,No,2,4,Somewhat,No,No,4,No
11129592957,Yes,Yes,Yes,Yes,Yes,Somewhat,Yes,No,Yes,Yes,Yes
11129584688,Somewhat,4,No,Somewhat,Somewhat,Somewhat,No,No,Somewhat,Yes,Yes
11129574311,No,2,Yes,Yes,2,No,Somewhat,No,Yes,Yes,No
11129574281,Yes,Yes,No,Somewhat,No,Yes,2,No,No,Yes,No
11129563657,4,Yes,No,No,No,Yes,4,Somewhat,No,Yes,Yes
11129552498,No,4,No,4,2,Somewhat,Somewhat,No,Yes,Yes,Yes
11129545774,Yes,Yes,No,No,2,Yes,Yes,No,Yes,Somewhat,No
11129540797,No,Yes,Yes,,,No,,No,No,No,No
11129532913,Somewhat,Yes,2,2,No,Yes,4,No,2,Yes,4
11129523739,No,Yes,No,Yes,Somewhat,Somewhat,Somewhat,No,2,No,No
11129512504,No,Yes,No,Somewhat,No,Yes,No,No,No,Yes,No
11129468806,2,Yes,No,2,No,Somewhat,No,No,No,No,
11129398036,Yes,Yes,No,No,2,Somewhat,No,No,No,Yes,No
11129285910,No,Yes,Somewhat,Yes,Somewhat,4,No,No,No,Somewhat,Somewhat
11128857166,Somewhat,Yes,No,Somewhat,Somewhat,Yes,Yes,No,Yes,Yes,No
11128840140,Yes,Yes,No,No,No,Yes,Yes,No,No,Yes,No
11128584788,4,Yes,No,2,No,No,Somewhat,No,No,No,No
11128582891,2,Yes,No,Somewhat,No,Yes,Yes,No,No,Yes,Yes
11128504549,No,4,No,2,No,Somewhat,No,Yes,No,No,No
11128388177,Somewhat,Yes,No,No,4,2,No,No,Somewhat,Yes,No
11128346916,4,Yes,Somewhat,Yes,Yes,4,Yes,Yes,No,Yes,Yes
11128320949,No,2,Somewhat,Yes,Yes,Somewhat,4,No,Yes,No,No
11127986001,Yes,Yes,No,No,No,Yes,Somewhat,No,No,No,No
11127057939,No,Somewhat,No,Somewhat,No,No,No,Somewhat,No,No,No
11126670689,4,Yes,No,2,2,Yes,Somewhat,No,2,Yes,Yes
11126574267,4,Yes,Somewhat,Yes,No,Somewhat,Yes,No,No,Yes,Yes
11126531114,Yes,Yes,No,No,No,4,4,No,No,Yes,No
11126456021,Somewhat,4,No,No,No,Somewhat,2,No,No,Yes,No
11126413787,Somewhat,4,2,Somewhat,No,4,4,No,No,Yes,Yes
11126303848,Somewhat,Yes,No,No,No,Yes,Yes,No,Somewhat,Yes,No
11126297936,2,Yes,No,No,No,Yes,No,No,No,Yes,No
11126081921,No,Yes,No,No,No,Somewhat,No,No,No,Yes,No
11126004524,2,Yes,No,Somewhat,No,No,Somewhat,No,No,No,No
11125875565,No,No,Yes,Yes,Yes,No,No,Yes,Yes,No,No
11125872405,Yes,Yes,,No,No,Yes,,No,Yes,Yes,
11125819783,2,Somewhat,No,No,Somewhat,Somewhat,No,No,4,Somewhat,No
11125758261,No,Somewhat,4,Yes,4,2,No,No,4,Somewhat,No
11125622848,No,4,2,Yes,2,Yes,No,No,No,No,No
11125601473,Somewhat,4,No,2,2,4,4,No,No,Yes,Yes
11125592878,No,Yes,2,Yes,Somewhat,Somewhat,No,No,No,No,No
11125586368,Somewhat,Yes,No,No,No,Somewhat,Somewhat,4,No,Yes,No
11125572387,,,,,,,,,,,
11125571753,4,Yes,No,No,No,4,No,2,2,Yes,Yes
11125544806,4,Yes,2,Somewhat,No,No,Yes,No,Yes,Yes,Yes
11125523914,Somewhat,Yes,Yes,Yes,Yes,No,Yes,No,No,No,No
11125488916,Yes,Yes,No,Somewhat,No,No,No,Somewhat,No,No,
11125456862,No,Somewhat,Yes,Yes,Yes,Somewhat,Somewhat,No,No,Yes,Yes
11125422100,Somewhat,Yes,No,2,No,Yes,No,No,No,No,No
11125410518,Somewhat,4,No,Somewhat,2,Somewhat,2,No,2,Yes,Yes
11125401288,2,4,Somewhat,Yes,Somewhat,No,2,No,2,No,No
11125377269,Yes,Yes,No,2,2,Yes,4,No,2,No,No
11125352840,4,Yes,No,No,No,2,Somewhat,No,No,Yes,No
11125347189,Yes,Yes,No,No,No,Yes,Yes,No,No,No,No
11125250741,,,,,,,,,,,
11125224192,Yes,Yes,No,No,No,Yes,No,No,No,No,No
11125192223,Somewhat,4,4,4,Somewhat,4,No,No,No,4,No
11125064026,No,Yes,Yes,Yes,No,No,No,No,No,No,No
11124853402,Yes,Yes,No,No,No,Yes,No,No,Yes,Yes,No
11124633705,Yes,Yes,No,No,No,Somewhat,2,No,Yes,Somewhat,No
11123980223,Somewhat,Yes,No,No,No,Yes,Somewhat,No,No,Yes,Yes
11123785009,No,Somewhat,Yes,Yes,4,Yes,No,No,Yes,Yes,No
11123703457,No,Yes,4,Yes,Yes,Somewhat,2,2,No,4,4
11123462161,2,4,No,Yes,Yes,Somewhat,No,Somewhat,Yes,Yes,4
11123447697,Yes,Yes,No,Yes,4,Yes,4,No,Somewhat,Yes,No
11123434098,2,Somewhat,Yes,Yes,Somewhat,Yes,Somewhat,Somewhat,Somewhat,Yes,No
11123316889,No,Somewhat,Yes,Yes,Somewhat,Somewhat,Somewhat,No,Somewhat,Yes,Yes
11123171749,,,,,,,,,,,
11123044482,No,Somewhat,Yes,Yes,Somewhat,No,Somewhat,No,No,Yes,Yes
11123018737,2,4,Yes,Yes,Yes,2,No,No,Somewhat,No,4
11122999070,4,4,No,No,2,Yes,Yes,Yes,No,Somewhat,No
11122993145,No,Yes,No,Somewhat,No,No,2,No,No,No,No
11122935228,Somewhat,Yes,2,Yes,Yes,4,Yes,2,No,Yes,No
11122889718,2,Yes,No,Somewhat,No,Somewhat,Somewhat,No,No,Somewhat,No
11122856747,2,Yes,No,Somewhat,No,Yes,2,No,No,Yes,Yes
11122856621,Yes,Yes,No,No,No,Yes,Somewhat,No,No,Yes,Yes
11122806141,Somewhat,Yes,No,No,Yes,Yes,No,No,Somewhat,No,No
11122782218,No,Somewhat,Yes,Yes,Yes,No,No,Somewhat,Yes,Yes,No
11122296674,Yes,Yes,No,No,No,Yes,Somewhat,No,No,Yes,Yes
11122279026,Yes,Yes,No,No,No,Yes,No,No,No,Yes,No
11122172772,4,Yes,No,No,2,Yes,Yes,No,No,Yes,Yes
11122171297,Somewhat,4,No,2,4,Somewhat,Somewhat,No,4,No,No
11122108015,Somewhat,Yes,No,4,No,Somewhat,Somewhat,No,No,No,No
11122012255,No,Yes,No,Yes,Somewhat,No,No,Yes,No,No,No
11121874765,No,Yes,Somewhat,Yes,4,4,Somewhat,No,2,4,No
11121849445,Yes,Yes,No,No,4,Somewhat,Somewhat,4,No,No,No
11121823589,Somewhat,4,No,No,Somewhat,Yes,Yes,No,No,Yes,No
11121638908,No,Yes,No,2,No,No,No,No,Somewhat,2,No
11121588719,Somewhat,Yes,No,2,No,Yes,Yes,No,4,Yes,No
11120674565,No,Somewhat,Somewhat,Somewhat,No,No,No,No,No,Yes,Somewhat
11120671382,2,Yes,No,No,Yes,Yes,Yes,No,Yes,No,No
11120476955,No,Yes,No,No,Somewhat,Yes,Somewhat,No,Yes,Yes,Yes
11120468306,No,Yes,Yes,Yes,Somewhat,No,No,No,Yes,Yes,Yes
11120215588,Somewhat,Yes,No,2,No,No,No,No,No,Somewhat,Somewhat
11120191926,No,Somewhat,2,Somewhat,No,No,Somewhat,No,No,Somewhat,No
11120158186,2,Yes,Yes,Yes,No,4,2,No,2,Yes,Yes
11120105416,Somewhat,Yes,Yes,Yes,4,Yes,Yes,No,Somewhat,Yes,Somewhat
11120067850,No,Yes,Somewhat,Yes,Yes,Yes,No,Yes,Yes,No,No
11120041440,,,,,,,,,,,
11120041025,Somewhat,4,No,2,No,4,4,No,No,4,2
11119977369,No,Somewhat,2,Yes,Yes,Somewhat,No,4,Yes,Yes,No
11119866351,2,Yes,Somewhat,Yes,Somewhat,2,2,No,No,No,No
11119724043,,,,,,,,,,,
11119712814,Somewhat,Yes,No,Somewhat,No,No,No,No,No,4,No
11119696245,Somewhat,Somewhat,No,2,Somewhat,Somewhat,2,No,No,4,No
11119648396,No,Yes,No,Somewhat,2,No,No,No,Somewhat,No,No
11119559932,Yes,Yes,No,No,No,Somewhat,No,No,2,Somewhat,No
11119509989,Somewhat,4,No,2,2,Yes,Somewhat,No,No,Yes,No
11119498190,No,Yes,Yes,Yes,Somewhat,Yes,No,No,Somewhat,Yes,Yes
11119343012,4,Yes,No,No,Yes,Yes,Somewhat,No,2,Yes,Yes
11119289452,Somewhat,Yes,No,No,No,Yes,Yes,No,No,Yes,No
11119271603,Yes,Yes,No,No,No,Yes,4,No,No,4,No
11119215442,2,4,Somewhat,4,Yes,Somewhat,Somewhat,No,No,4,2
11119209931,4,Yes,No,4,No,2,No,No,No,No,No
11119204970,Yes,Yes,No,No,No,4,Yes,No,2,Yes,No
11119189278,Somewhat,Somewhat,No,2,No,Somewhat,Somewhat,Somewhat,Somewhat,No,No
11119182462,4,4,No,No,No,Yes,2,No,No,Somewhat,No
11119179933,4,Yes,No,4,No,2,No,No,No,No,No
11119107609,Yes,Yes,No,No,2,4,2,No,No,Somewhat,No
11119049967,4,4,No,No,No,No,Somewhat,No,No,No,No
11119010835,Somewhat,Yes,No,No,No,No,No,No,No,Somewhat,No
11118954293,Yes,Yes,No,No,No,Yes,Somewhat,No,No,Yes,No
11118950061,No,Yes,4,Yes,Yes,Yes,Yes,No,Somewhat,Yes,No
11118932608,Somewhat,Yes,No,2,Somewhat,Yes,No,No,No,Yes,No
11118894730,Somewhat,Yes,No,4,4,Yes,Yes,No,Somewhat,Yes,No
11118842565,No,Somewhat,Somewhat,Somewhat,No,Somewhat,Somewhat,No,No,Yes,Yes
11118830744,Somewhat,Yes,No,No,No,No,No,No,2,Yes,No
11118804913,Somewhat,Yes,No,No,No,Yes,Somewhat,No,2,Yes,Yes
11118803029,Yes,Yes,No,No,No,Yes,Yes,No,No,No,No
11118800781,Yes,Yes,No,No,No,No,4,No,No,Yes,Yes
11118788504,Yes,Yes,No,No,No,Yes,No,No,No,Yes,No
11118709434,No,4,Yes,Yes,2,No,Somewhat,No,No,No,No
11118399737,Somewhat,Yes,No,Somewhat,Somewhat,Yes,No,No,No,Yes,4
11117616151,Yes,Yes,No,No,Somewhat,Yes,Yes,No,Yes,Yes,No
11117411846,Somewhat,Somewhat,No,No,4,Yes,Somewhat,No,Somewhat,No,No
11117275062,Yes,Yes,No,No,No,Yes,4,No,No,Yes,Yes
11117233327,Yes,Yes,No,No,No,2,Somewhat,2,No,No,No
11117197373,Somewhat,Somewhat,Somewhat,Yes,No,2,No,No,Somewhat,No,No
11117121456,Somewhat,Yes,No,Somewhat,No,Somewhat,Yes,No,No,Somewhat,No
11116925653,2,Yes,Yes,Yes,No,Somewhat,Yes,No,No,Yes,No
11116924227,No,Yes,Somewhat,Yes,Yes,Yes,No,No,No,Yes,Yes
11116813102,4,Yes,No,No,No,Somewhat,No,No,No,No,No
11116795862,Somewhat,Yes,No,No,No,Yes,Yes,No,No,No,No
11116788309,,,,,,,,,,,
11116776059,2,Yes,2,4,2,Somewhat,No,No,No,Yes,No
11116772381,,,,,,,,,,,
11116771726,Somewhat,Yes,No,No,2,4,Somewhat,No,2,No,No
11116768354,Yes,Yes,No,No,No,Yes,Somewhat,No,No,Yes,Yes
11116759619,2,Yes,No,No,No,Yes,Yes,No,No,Yes,Yes
11116745208,No,Yes,No,Yes,No,Somewhat,2,No,No,No,No
11116729193,2,4,No,Yes,No,Somewhat,No,No,No,Somewhat,No
11116713096,No,No,Yes,Yes,No,No,No,No,No,Yes,Yes
11116619679,2,4,No,4,No,Yes,Yes,No,Yes,Yes,No
11116593574,No,Yes,No,No,No,Yes,Somewhat,No,No,No,No
11116544649,4,Yes,No,Somewhat,No,Yes,No,No,No,Yes,No
11116481652,No,Somewhat,No,Yes,2,Somewhat,No,No,No,Somewhat,No
11116422475,Yes,Yes,No,No,No,No,No,No,No,2,No
11116421816,2,Yes,No,No,No,No,No,No,No,Somewhat,Yes
11116370205,Somewhat,Yes,No,Somewhat,2,Yes,Yes,No,No,Somewhat,No
11116261907,Somewhat,Yes,No,No,2,Yes,Somewhat,No,No,No,No
11116105968,Yes,Yes,No,2,2,Somewhat,4,No,Yes,4,No
11115955822,2,Somewhat,No,No,Somewhat,No,No,No,2,No,No
11115949717,Yes,Yes,No,No,No,Somewhat,Somewhat,No,No,Yes,No
11115752012,Somewhat,Yes,No,Somewhat,Somewhat,4,Somewhat,No,Yes,4,No
11115735738,4,Yes,No,2,2,Yes,4,Yes,2,Yes,Yes
11115729508,Yes,Yes,No,No,No,Yes,Yes,No,No,No,No
11115682638,Somewhat,4,No,2,No,Somewhat,2,No,No,Somewhat,No
11115669651,,Yes,No,Yes,Somewhat,Yes,Somewhat,No,Yes,No,No
11115567930,Somewhat,4,No,2,No,Yes,2,No,No,Yes,No
11115536608,,,,,,,,,,,
11115486267,2,Yes,Somewhat,Yes,No,2,No,No,No,No,No
11115439722,4,Yes,No,No,2,No,No,No,Somewhat,Somewhat,No
11115370513,4,Yes,No,Yes,Somewhat,Somewhat,No,No,Somewhat,No,No
11115340578,Somewhat,4,No,4,Yes,2,No,No,4,4,4
11115332790,2,4,Somewhat,Somewhat,No,Somewhat,No,No,No,Yes,Yes
11115300587,Somewhat,4,No,Yes,Somewhat,Somewhat,2,No,Somewhat,4,No
11115254272,Yes,Yes,No,No,Somewhat,Yes,Somewhat,No,Yes,Yes,Yes
11115230842,2,Yes,4,Yes,Yes,2,,No,Yes,Yes,Yes
11115193467,Somewhat,Yes,No,No,2,Yes,No,No,No,Somewhat,No
11115066582,,,,,,,,,,,
11115050911,2,Yes,No,Somewhat,2,Somewhat,No,No,Somewhat,Yes,No
11115045082,Yes,Yes,Yes,Yes,No,Yes,No,No,No,Yes,Yes
11115025839,2,Yes,No,Yes,Yes,Somewhat,2,Yes,Yes,Somewhat,No
11114678691,2,4,No,Somewhat,No,Somewhat,Somewhat,No,No,No,No
11114605368,No,Somewhat,Yes,Yes,Somewhat,2,No,Yes,Somewhat,Yes,No
11114462314,4,Yes,No,No,No,No,2,No,No,No,No
11114429192,No,No,Yes,Yes,Yes,Yes,No,No,No,Yes,No
11114412473,Somewhat,Yes,No,No,Somewhat,Yes,No,No,Yes,Yes,Yes
11114367453,Somewhat,Yes,No,Somewhat,No,No,No,No,No,No,No
11114353545,Somewhat,Yes,No,No,Somewhat,Somewhat,Somewhat,Somewhat,No,No,No
11114328622,4,Yes,No,No,No,Yes,No,No,No,Yes,Yes
11114281395,Somewhat,Yes,No,No,Yes,,No,Yes,No,Yes,No
11114279405,No,Yes,4,Yes,Somewhat,Somewhat,Yes,No,No,No,No
11114271139,2,Yes,No,2,No,4,Somewhat,No,Somewhat,No,No
11114266186,Somewhat,Yes,No,Yes,No,Yes,4,No,No,No,No
11114242599,No,Yes,Somewhat,Yes,Yes,Yes,No,No,No,Yes,Yes
11114095824,4,Somewhat,No,No,No,No,No,No,No,Yes,No
11114042329,4,Yes,No,2,No,Yes,Somewhat,No,No,Yes,No
11114029226,Yes,Yes,No,No,No,Somewhat,Somewhat,No,No,No,No
11114013802,,,,,,,,,,,
11113991418,No,Somewhat,Somewhat,Yes,Somewhat,Yes,No,Yes,Somewhat,Yes,Yes
11113921709,Somewhat,4,No,No,2,2,4,No,2,Yes,No
11113911635,2,Yes,No,Somewhat,Somewhat,Somewhat,Yes,No,Somewhat,Yes,Yes
11113810584,4,Yes,No,No,No,4,4,No,No,Yes,Yes
11113637652,4,4,Yes,Yes,No,No,Yes,No,No,Yes,No
11113556927,No,Yes,No,Somewhat,Somewhat,Yes,Yes,No,No,No,No
11113527033,,,No,No,No,,,No,No,,
11112871762,No,Somewhat,Yes,Yes,Yes,No,No,No,Yes,Yes,Yes
11112677808,Somewhat,Somewhat,Somewhat,Yes,Somewhat,Somewhat,No,Yes,Yes,Yes,Yes
11112533865,4,4,No,Somewhat,No,Yes,No,No,No,No,No
11112417093,No,Yes,No,No,2,Yes,No,No,2,Yes,Yes
11112253781,2,2,Somewhat,2,Yes,Somewhat,Somewhat,No,Somewhat,Somewhat,No
11111676801,4,Yes,No,Somewhat,No,Yes,Yes,No,No,Yes,No
11111198079,No,Somewhat,Somewhat,Yes,Somewhat,Somewhat,No,Yes,Somewhat,Somewhat,No
11110981194,2,No,2,Yes,4,Somewhat,Somewhat,No,Somewhat,Yes,Yes
11110973152,Somewhat,Yes,4,Somewhat,2,4,No,No,2,No,No
11110948818,No,Yes,4,Yes,No,No,Somewhat,No,No,Yes,No
11110943299,2,2,2,2,Somewhat,Somewhat,No,No,No,Yes,Yes
11110937445,No,Yes,Yes,Yes,Somewhat,Somewhat,Somewhat,No,No,No,No
11110918206,4,4,No,No,No,4,Somewhat,No,No,No,No
11110701937,No,4,Yes,Yes,Somewhat,Yes,No,No,No,Yes,Yes
11110666910,4,Somewhat,Yes,4,4,2,No,No,No,Yes,No
11110625380,No,4,No,4,2,No,2,No,No,No,4
11110621598,2,Somewhat,Yes,Yes,4,Yes,Somewhat,No,No,Yes,Yes
11110618340,No,2,Yes,Yes,Yes,Somewhat,4,No,4,Yes,4
11110612155,Yes,Yes,Yes,Yes,No,No,Somewhat,No,Yes,No,No
11110611692,Somewhat,4,4,Yes,No,Yes,Somewhat,No,No,No,No
11110603225,2,Yes,Yes,Yes,4,Somewhat,Somewhat,No,2,Yes,Yes
11110586299,Somewhat,Somewhat,,2,,Somewhat,,2,Somewhat,2,Somewhat
11110574912,No,No,Yes,Yes,Yes,Somewhat,2,Yes,Yes,Somewhat,Yes
11110571624,2,2,Yes,Yes,4,No,Somewhat,No,4,Yes,Yes
11110491918,Somewhat,Yes,No,Somewhat,No,Somewhat,No,No,No,No,No
11110460119,4,Yes,No,No,No,4,4,No,No,,
11110455369,No,No,Yes,Yes,Yes,Yes,No,No,No,Yes,Somewhat
11110444641,4,4,No,2,No,4,Somewhat,No,2,4,Somewhat
11110425402,Somewhat,Yes,No,No,No,Somewhat,Yes,No,No,Yes,No
11110419232,2,4,No,4,4,2,4,No,Yes,No,No
11110412819,No,Yes,Yes,Yes,Yes,No,No,No,Somewhat,Somewhat,Somewhat
11110404906,Somewhat,Yes,4,4,2,2,Somewhat,No,2,Yes,Yes
11110400331,4,4,No,No,No,4,4,No,No,No,No
11110398109,No,4,2,No,4,4,Yes,Yes,4,Yes,No
11110391351,No,4,,Yes,Yes,Somewhat,No,No,No,Yes,No
11110389513,No,No,Yes,Yes,Yes,No,No,No,No,No,No
11110385056,2,No,No,Somewhat,No,Yes,Somewhat,No,Yes,Yes,Yes
11110378346,2,4,Yes,Yes,Somewhat,Yes,4,,Somewhat,Yes,Yes
11110360925,No,Yes,2,2,2,Yes,Yes,No,No,No,No
11110355624,Yes,Yes,No,No,No,No,No,No,No,No,No
11110350088,No,Somewhat,Yes,Yes,Yes,4,Yes,No,Yes,Yes,Yes
11110337833,No,Yes,Somewhat,Yes,No,Yes,Somewhat,No,No,Somewhat,No
11110315496,Yes,Yes,No,No,No,Yes,4,Yes,No,No,No
11110314693,No,Somewhat,2,Yes,4,Yes,No,No,Somewhat,Yes,
11110298571,No,Yes,No,Yes,Yes,Yes,No,No,No,Yes,No
11110288238,4,Yes,No,Somewhat,No,4,No,Yes,No,No,No
11110275590,No,Somewhat,Yes,Yes,Yes,4,,No,No,Somewhat,Somewhat
11110270658,,,,,,,,,,,
11110252264,Somewhat,Yes,No,4,No,No,Yes,No,No,Yes,Yes
11110241747,2,Yes,Yes,Yes,Somewhat,Yes,Yes,No,Yes,Yes,Yes
11110229501,2,Somewhat,Yes,Yes,Yes,2,No,No,No,Yes,Yes
11110219602,Somewhat,4,No,No,No,4,No,No,No,Yes,No
11110183899,No,Yes,Yes,Yes,No,Yes,Yes,No,No,Yes,Yes
11110171884,Somewhat,Yes,4,2,Somewhat,Somewhat,2,No,2,No,No
11110159024,Somewhat,2,No,Somewhat,2,Yes,Somewhat,No,No,No,No
11109221669,No,Somewhat,No,No,No,4,No,No,No,No,No
11109079615,No,Yes,4,Yes,4,No,No,No,No,Yes,Yes
11108887200,No,Yes,No,4,Somewhat,Yes,No,No,No,2,No
11108835574,Somewhat,Yes,No,Somewhat,No,No,No,No,No,Yes,No
11108428099,Somewhat,Yes,No,2,No,No,No,No,2,No,No
11108061724,,Somewhat,No,,No,4,Yes,No,No,Yes,No
11108019811,,,,,,,,,,,
11107712672,,,,,,,,,,,
11107537628,Somewhat,Yes,No,No,No,Yes,Yes,No,No,Yes,No
11107500544,Somewhat,Yes,Yes,Yes,Somewhat,No,Yes,No,No,Yes,No
11107423044,,Yes,2,Somewhat,2,No,Somewhat,No,Somewhat,No,No
11105126060,No,No,Yes,Yes,Yes,Somewhat,Yes,No,Yes,Somewhat,No
11104818860,No,Yes,Yes,Yes,Yes,No,No,No,No,No,No
11104785855,No,Yes,No,Somewhat,No,4,2,No,2,Yes,No
11104720324,,,,,,,,,,,
11104713519,No,Yes,No,2,2,Yes,2,No,2,Somewhat,No
11104400961,Yes,Yes,No,2,Somewhat,Somewhat,No,No,No,Yes,No
11104346556,Somewhat,Yes,No,Somewhat,No,Yes,2,No,No,Yes,No
11104339895,Somewhat,4,No,Somewhat,No,Yes,Yes,No,No,Yes,No
11104237451,2,Yes,Somewhat,Yes,No,Yes,No,No,No,Yes,No
11104219068,Somewhat,Yes,Somewhat,Yes,Somewhat,Somewhat,No,No,No,Yes,No
11104011162,Yes,Yes,No,No,Somewhat,4,2,No,No,Somewhat,No
11102466994,4,Yes,No,No,2,4,Somewhat,Somewhat,Somewhat,Somewhat,No
11102466724,,,,,,,,,,,
11102434313,2,Yes,2,4,No,Yes,Somewhat,Somewhat,Yes,No,No
11102325647,Somewhat,Yes,No,Yes,No,No,Somewhat,No,No,Yes,No
11102276269,4,Yes,No,Somewhat,4,4,2,No,No,Yes,No
11102244388,4,Yes,No,2,2,Yes,2,No,2,4,2
11102151336,Yes,Yes,Yes,Somewhat,No,Yes,Somewhat,No,Yes,Yes,Yes
11102143346,2,Yes,No,No,Somewhat,4,No,No,No,Yes,No
11102107869,2,Yes,No,4,4,Yes,Yes,2,4,No,No
11102100247,Somewhat,Somewhat,Yes,Somewhat,Somewhat,Somewhat,Somewhat,Somewhat,Somewhat,Somewhat,No
11102082237,2,Yes,Somewhat,Somewhat,4,Somewhat,2,No,No,Yes,No
11102065324,4,Yes,4,Yes,4,Yes,4,Yes,4,Yes,4
11102056462,Somewhat,Somewhat,No,Somewhat,Yes,Yes,4,No,Yes,Yes,Yes
11102048481,2,Yes,,No,2,2,2,No,No,Yes,No
11102040776,Somewhat,Yes,No,No,No,Somewhat,Somewhat,No,2,Yes,No
11101855652,No,2,Yes,Yes,Yes,Somewhat,No,No,No,Yes,Yes
11101838383,4,Yes,No,No,No,Somewhat,Somewhat,No,No,Somewhat,No
11101804749,2,Yes,No,Somewhat,No,Somewhat,2,No,No,No,No
11101798549,Yes,Yes,No,No,No,Yes,No,No,No,No,No
11101785276,No,Somewhat,Yes,Yes,Yes,No,Somewhat,No,No,Yes,No
11101784122,2,4,No,Yes,Somewhat,2,Somewhat,No,No,Yes,No
11101739923,Yes,Yes,No,No,No,4,2,No,No,Yes,No
11101689856,Yes,Yes,No,No,No,Yes,Somewhat,Somewhat,2,Yes,Yes
11101632162,No,Yes,Somewhat,Somewhat,Somewhat,Yes,Somewhat,No,Somewhat,Yes,No
11101624453,No,Somewhat,Somewhat,Yes,Yes,Yes,No,4,4,Yes,Yes
11101612395,2,4,2,Yes,2,Somewhat,2,No,No,No,No
11101367995,2,Yes,No,4,No,Yes,Somewhat,No,No,Somewhat,No
11101302154,No,Yes,No,Somewhat,No,Yes,Somewhat,No,No,Yes,No
11101191126,2,Somewhat,4,4,2,No,2,No,No,No,No
11101136416,4,Yes,No,2,Somewhat,Yes,4,No,No,4,2
11101127275,4,4,No,2,No,Somewhat,2,2,No,Somewhat,No
11101116884,Somewhat,4,No,Yes,No,No,Yes,No,Yes,Yes,No
11101096270,Somewhat,4,2,4,2,4,Somewhat,No,No,2,No
11101086267,4,Yes,No,No,No,Yes,No,No,No,Somewhat,No
11101084010,Yes,Yes,No,No,No,Yes,No,No,No,No,No
11101077356,No,Somewhat,4,Yes,Yes,Yes,No,No,Yes,4,No
11101069939,No,Yes,,Yes,2,Somewhat,No,No,No,No,No
11101061594,Yes,Yes,No,No,Somewhat,2,4,No,2,Yes,No
11100878408,2,4,No,Somewhat,No,Yes,No,No,No,Yes,Yes
11099422949,4,Somewhat,4,4,4,4,4,4,4,4,No
11099413239,No,2,2,,Somewhat,Somewhat,2,Somewhat,Somewhat,Somewhat,No
11099404994,Yes,Yes,No,No,No,Somewhat,No,No,No,No,No
11099402041,4,Yes,Somewhat,4,Somewhat,Yes,Somewhat,No,No,Yes,Yes
11099390340,Yes,Yes,No,No,No,Yes,Somewhat,No,No,Yes,Yes
11099382423,4,4,No,No,No,No,Somewhat,No,No,No,No
11099374892,No,Somewhat,Yes,Yes,Yes,Yes,No,No,Somewhat,No,No
11099281879,4,Yes,No,2,No,4,Somewhat,No,No,4,No
11099264739,No,No,No,Yes,Yes,Yes,Somewhat,,No,No,No
11099253577,Yes,Yes,No,No,No,Yes,2,No,No,Somewhat,No
11099112454,No,Yes,2,Yes,4,No,No,No,No,Yes,Somewhat
11098763900,Yes,Yes,No,No,No,Yes,Yes,No,No,Yes,No
11098658430,4,Yes,No,No,Yes,Somewhat,Somewhat,No,No,Yes,Yes
11098489263,,,,,,,,,,,
11098041921,4,Yes,No,Yes,Somewhat,4,2,No,No,Yes,No
11097954232,No,Yes,No,Somewhat,Somewhat,2,No,No,No,Yes,No
11097070634,No,Yes,4,Yes,2,Yes,No,No,No,Yes,Yes
11096825795,Somewhat,4,No,2,Somewhat,Somewhat,2,2,2,Somewhat,2
11095985800,4,Yes,No,No,No,4,2,No,No,No,No
11095768072,No,Somewhat,No,Yes,Yes,No,Somewhat,No,Yes,No,No
11095716349,4,Somewhat,No,No,Somewhat,Somewhat,No,No,2,Somewhat,No
11095520990,2,4,No,No,No,Yes,4,No,No,Yes,No
11094680315,No,Yes,No,Yes,No,Yes,No,No,No,No,No
11094662841,No,No,Yes,Yes,No,Yes,Somewhat,No,No,No,No
11094510771,No,Somewhat,4,Yes,Yes,No,No,No,Somewhat,Yes,Yes
11094155594,2,Yes,No,No,No,Somewhat,No,No,No,Yes,No
11093921002,Yes,Yes,No,No,No,No,No,No,No,Yes,No
11093843703,Yes,Yes,No,No,No,Somewhat,No,No,No,Yes,Somewhat
11093678186,Somewhat,Somewhat,No,Somewhat,Yes,Yes,Somewhat,No,No,Yes,No
11093632526,Yes,Yes,No,No,No,Yes,4,No,No,Yes,No
11093457011,Yes,Yes,No,No,No,Yes,No,No,2,Yes,Yes
11093147355,4,Yes,No,2,2,Yes,Somewhat,No,No,Yes,No
11093145563,No,Yes,No,Yes,Yes,Yes,Yes,Yes,Yes,Yes,No
11093052831,Yes,Yes,No,No,Somewhat,Yes,Yes,No,No,Yes,No
11093035061,Yes,Yes,No,No,No,Yes,Somewhat,No,No,No,No
11092933138,No,Yes,No,Somewhat,Yes,Yes,No,Yes,No,No,No
11092334467,No,Somewhat,Yes,Yes,No,Yes,No,No,No,Somewhat,No
11091488082,Somewhat,4,No,No,No,Somewhat,No,No,No,Yes,No
11091437803,Yes,Yes,No,No,Somewhat,Yes,Somewhat,No,Somewhat,Yes,4
11091203335,4,Yes,No,4,No,4,No,No,4,Yes,No
11091173612,Somewhat,Yes,No,Yes,No,Somewhat,No,No,No,Yes,No
11091129006,,Yes,Yes,Yes,No,Yes,Yes,No,No,Yes,Yes
11091121161,No,Yes,Yes,Yes,Yes,Yes,Yes,Yes,Somewhat,Yes,Yes
11091090734,Somewhat,Yes,No,Yes,Somewhat,Yes,Yes,No,Yes,Yes,Yes
11091078423,4,Yes,No,No,No,Somewhat,Somewhat,No,No,No,No
11090982851,2,Yes,No,4,2,Yes,Yes,No,Somewhat,Yes,Yes
11090816132,Somewhat,Yes,Somewhat,2,2,Somewhat,Somewhat,No,No,No,No
11090807748,2,4,No,Yes,4,4,Somewhat,No,No,Yes,No
11090788335,,,,,,,,,,,
11090781587,No,Yes,Yes,Yes,No,Yes,Yes,Somewhat,No,Yes,Yes
11090751355,No,Yes,4,Yes,Somewhat,Yes,Somewhat,No,2,No,No
11090723740,No,Yes,Yes,Yes,4,Yes,Yes,No,No,No,No
11090681960,2,Yes,No,Yes,4,Yes,2,No,No,Yes,Yes
11090676720,,,,,,,,,,,
11090676567,No,Yes,No,Somewhat,No,No,4,No,No,Yes,No
11090671459,,,,,,,,,,,
11090663906,Somewhat,Somewhat,2,2,2,2,No,No,2,No,No
11090602507,2,4,No,Somewhat,Somewhat,Somewhat,No,No,No,No,No
11090575831,Somewhat,Yes,4,Somewhat,4,4,4,No,4,4,No
11090453021,Somewhat,Yes,No,4,Somewhat,Yes,Yes,No,Somewhat,No,No
11090438919,Somewhat,Yes,No,2,Yes,4,2,No,2,Yes,No
11090428581,2,Somewhat,No,Yes,Yes,Yes,Yes,No,4,No,No
11090390595,No,Yes,,Yes,4,,No,No,Yes,No,No
11090380676,Yes,Yes,No,No,No,Somewhat,No,No,2,Somewhat,No
11090378197,No,Yes,Somewhat,Yes,Somewhat,No,2,No,No,No,No
11090364488,No,2,4,Yes,Yes,Yes,Yes,No,Yes,Yes,No
11090329265,2,4,Somewhat,Yes,4,Somewhat,2,No,No,Yes,No
11090327319,No,No,Yes,Yes,Somewhat,4,No,Yes,Somewhat,Somewhat,No
11090301066,Somewhat,Yes,No,No,4,2,No,No,No,Yes,No
11090288915,4,Yes,No,No,No,Yes,Somewhat,No,No,Yes,No
11090243700,No,No,Yes,Yes,Somewhat,Somewhat,2,Yes,Somewhat,2,2
11090235765,Somewhat,Yes,No,No,No,Yes,Somewhat,No,No,Somewhat,No
11090234171,Somewhat,Yes,No,No,Yes,Yes,Somewhat,No,Yes,Yes,Yes
11090220983,No,4,No,2,2,No,No,Yes,No,Somewhat,No
11090218854,No,Somewhat,No,2,4,Somewhat,Yes,No,Somewhat,Yes,Yes
11090207281,4,Yes,No,2,No,Yes,Yes,No,4,Yes,Yes
11090206542,2,Yes,No,Somewhat,No,Somewhat,Yes,Yes,Yes,Yes,No
11090194688,No,Yes,No,Somewhat,No,No,Yes,No,No,Yes,No
11090193552,No,No,2,2,Somewhat,4,4,No,2,No,No
11090189281,No,Yes,No,Yes,Somewhat,Yes,No,No,Somewhat,No,No
11090175564,Yes,Yes,No,No,No,Somewhat,Somewhat,No,No,No,No
11090174775,2,Yes,No,No,2,Yes,Yes,No,Yes,Yes,Yes
11090131827,Yes,Yes,No,No,No,Yes,Somewhat,No,4,No,No
11090130887,,,,,,,,,,,
11090121831,Yes,No,No,No,No,Yes,4,No,Yes,No,No
11089840696,4,4,No,No,No,2,No,No,No,No,No
11089384908,No,Yes,Somewhat,Yes,Somewhat,No,Somewhat,Yes,Yes,No,No
11089338487,2,Somewhat,No,No,No,No,No,No,No,Yes,Yes
11089055993,Somewhat,4,Somewhat,Somewhat,2,Yes,Yes,No,2,No,No
11089031545,Somewhat,No,Yes,Yes,Somewhat,No,Somewhat,No,Somewhat,No,No
11089018119,No,Somewhat,Yes,Yes,Yes,Somewhat,Yes,No,4,Yes,Yes
11089003601,Yes,Yes,No,No,No,Somewhat,No,No,No,No,No
11088182689,4,Yes,No,No,No,4,2,No,No,Yes,No
11088094453,No,4,No,Somewhat,Somewhat,2,2,No,No,Yes,No
11088090419,2,Yes,Somewhat,Yes,Yes,4,2,Yes,No,Yes,No
11088009755,No,Yes,No,No,No,Yes,No,No,No,Yes,No
11087991038,Yes,Yes,No,No,No,No,No,No,No,No,No
11087918037,Somewhat,Somewhat,No,No,No,4,4,No,No,4,No
11087892471,2,Yes,Yes,Yes,4,Yes,Yes,Yes,No,No,No
11087858416,Yes,Yes,No,No,No,Yes,Yes,No,No,Somewhat,No
11087769256,No,4,2,2,2,No,No,No,No,No,No
11087711478,4,4,No,No,No,Somewhat,Somewhat,No,No,No,No
11087667727,Yes,Yes,No,No,No,Yes,No,No,No,No,No
11087465364,No,Yes,No,Yes,Yes,No,No,No,No,Yes,Yes
11087333405,No,Yes,Yes,Yes,Somewhat,Somewhat,No,No,No,Somewhat,No
11087273902,Yes,4,Somewhat,Somewhat,Somewhat,Somewhat,4,No,Somewhat,Yes,Yes
11087252118,Yes,Yes,No,No,No,Yes,Yes,No,No,Yes,No
11087245988,Somewhat,Yes,No,2,No,Somewhat,2,No,No,No,No
11087240584,Yes,Yes,No,No,Somewhat,Yes,No,No,No,Yes,No
11087237315,No,Yes,Somewhat,Somewhat,Somewhat,4,No,No,No,No,No
11087230038,4,Yes,No,No,No,Somewhat,Somewhat,No,No,No,No
11087229869,No,Somewhat,Yes,Yes,4,Somewhat,,4,No,No,No
11087193234,No,4,Yes,Yes,Yes,Yes,Yes,No,No,No,No
11087184864,No,2,Yes,Yes,Yes,Yes,2,No,No,Somewhat,No
11087157847,2,Yes,Yes,Yes,Somewhat,Yes,No,No,Yes,Yes,Yes
11087103841,,Yes,No,No,No,Somewhat,Somewhat,No,No,Yes,No
11087071740,Somewhat,Yes,No,2,No,Yes,Somewhat,Somewhat,Yes,Yes,No
11087002104,4,4,No,No,No,Yes,Yes,No,No,Yes,Yes
11086998024,4,Yes,No,No,No,Yes,No,No,No,No,No
11086990023,Yes,Yes,No,2,No,No,No,No,No,No,No
11086969361,2,Somewhat,2,Yes,Yes,Somewhat,No,No,Yes,Yes,No
11086953791,4,Yes,No,Yes,Yes,Somewhat,No,No,No,Yes,No
11086947970,Somewhat,Yes,No,,No,No,No,No,No,No,No
11086944126,Somewhat,4,No,2,2,Somewhat,Somewhat,No,2,Yes,No
11086939779,Somewhat,Yes,No,Yes,Somewhat,2,No,No,No,No,No
11086931248,Yes,Yes,No,No,No,No,No,No,No,No,No
11086928645,Yes,Yes,No,No,No,Yes,Yes,No,2,Yes,Yes
11086927820,Somewhat,4,No,Yes,Yes,Yes,Yes,No,No,No,No
11086919546,Somewhat,Yes,No,No,No,Somewhat,Somewhat,No,No,No,No
11086890984,Somewhat,Yes,No,Somewhat,No,Somewhat,No,No,No,No,No
11086829136,Somewhat,Yes,Somewhat,Yes,Yes,Somewhat,No,No,Somewhat,Yes,Yes
11086822788,No,Yes,Yes,Yes,Yes,No,Yes,No,No,No,No
11086693060,4,Yes,No,2,2,Yes,4,No,2,Somewhat,No
11086054898,Somewhat,Yes,No,No,No,Somewhat,No,No,No,Yes,No
11085907430,No,Yes,Yes,Yes,Yes,Yes,Somewhat,No,No,No,No
11085872334,4,Yes,Somewhat,Yes,No,No,No,No,No,No,No
11085813255,Yes,Yes,No,No,No,Yes,Somewhat,No,No,Yes,No
11085688711,2,4,No,No,Somewhat,2,No,No,Somewhat,Yes,Somewhat
11085591910,Somewhat,Yes,No,No,No,,No,No,No,No,No
11085275901,4,4,No,4,Yes,Yes,Somewhat,No,Somewhat,No,No
11085142441,Yes,Yes,No,No,No,Yes,Somewhat,No,No,No,No
11085138144,Somewhat,4,2,Somewhat,Somewhat,2,2,No,Yes,Yes,Yes
11085114502,No,Yes,No,No,No,No,No,No,No,No,No
11085024644,4,Yes,No,Yes,No,4,2,No,No,Yes,No
11084960321,No,Yes,No,Yes,Yes,No,No,No,Yes,Yes,Yes
11084907548,2,Somewhat,Somewhat,2,Somewhat,No,2,No,No,No,No
11084813068,4,Yes,No,No,No,4,No,No,No,No,No
11084774440,No,Yes,No,2,Yes,Somewhat,No,No,No,Yes,No
11084731104,2,Yes,Somewhat,Somewhat,No,Yes,Somewhat,No,No,Yes,No
11084726180,2,Yes,Yes,Yes,Somewhat,No,No,No,No,Yes,No
11084718656,Somewhat,4,No,Yes,No,No,Yes,No,Yes,Yes,No
11084667095,No,Somewhat,Yes,Yes,2,No,No,No,2,2,No
11084579089,2,4,No,No,Yes,No,2,No,No,No,No
11084565986,2,Yes,No,4,2,4,Somewhat,No,No,Yes,Yes
11084498922,Somewhat,4,No,Somewhat,2,No,No,Yes,No,Somewhat,No
11084486435,No,2,Yes,Yes,Yes,Yes,2,No,No,2,No
11084480301,No,Yes,4,Yes,Yes,Somewhat,No,No,2,4,No
11084422063,Somewhat,Yes,No,No,Somewhat,Yes,Yes,No,No,Yes,Somewhat
11084409011,Somewhat,Yes,No,Somewhat,2,2,No,No,Somewhat,Somewhat,No
11084361739,2,Yes,No,Somewhat,No,Somewhat,No,No,No,No,No
11084358825,Yes,Yes,No,No,No,Yes,No,No,No,No,No
11084306979,No,2,No,Somewhat,No,Somewhat,2,No,No,No,No
11084290400,Yes,Yes,No,No,No,Yes,Yes,No,No,Yes,Somewhat
11084269493,,,,,,,,,,,
11084240138,No,Yes,No,Yes,Somewhat,2,No,No,Somewhat,2,No
11084187318,Somewhat,Yes,No,No,2,4,2,No,No,Yes,No
11084162103,4,Yes,No,No,No,Somewhat,2,No,No,Yes,No
11084161845,Somewhat,Yes,No,Somewhat,4,Somewhat,2,4,Somewhat,Yes,No
11084159241,Yes,Yes,No,No,No,Yes,Somewhat,Yes,No,Yes,No
11084154595,Somewhat,Yes,No,No,Somewhat,2,No,No,No,Somewhat,No
11084095189,Yes,Yes,No,No,No,4,2,No,No,Yes,Yes
11084080812,4,Yes,No,No,No,4,Yes,No,4,Yes,Yes
11084073213,,Yes,No,2,No,Yes,No,No,No,No,
11084066639,4,Yes,No,No,No,Yes,Somewhat,No,No,Yes,Yes
11084064853,Somewhat,4,No,2,,,,,,,
11084041845,No,Yes,4,Yes,4,Somewhat,No,No,No,Yes,Yes
11084021491,2,4,No,2,Somewhat,Somewhat,Yes,No,No,Yes,No
11084008273,Somewhat,4,No,2,No,No,No,No,No,Yes,No
11083976562,2,2,No,Somewhat,No,Somewhat,No,No,No,2,No
11083882762,No,Yes,No,Somewhat,Somewhat,No,No,No,No,Yes,No
11083827159,No,,,,,,,,,,
11083792776,No,Yes,No,No,Yes,Yes,2,No,Yes,Yes,No
11083688138,4,Yes,No,No,No,Somewhat,2,Yes,No,No,No
11083649534,Somewhat,Yes,No,4,Somewhat,4,Somewhat,No,Somewhat,Somewhat,No
11083615693,Yes,Yes,No,No,No,Somewhat,Somewhat,No,No,No,No
11083527575,4,Yes,No,No,No,Yes,Somewhat,No,No,Yes,Yes
11083503086,2,Yes,No,Somewhat,Somewhat,No,Somewhat,No,4,No,No
11083422005,4,4,2,2,2,Somewhat,No,No,No,2,No
11083404331,Somewhat,Yes,No,4,2,Yes,4,No,No,Yes,No
11083390826,2,4,No,Yes,No,Yes,No,No,No,No,No
11083367979,No,Yes,No,Somewhat,4,Somewhat,No,Yes,Somewhat,Somewhat,No
11082638498,Yes,Yes,No,No,2,4,Somewhat,No,No,Yes,No
11082515629,Somewhat,4,No,No,No,Somewhat,Somewhat,No,No,Somewhat,No
11082457969,Yes,Yes,No,No,2,Yes,No,No,No,Yes,No
11082159603,,,,,,,,,,,
11082077947,No,4,Somewhat,Yes,No,4,No,No,No,No,No
11082031486,4,Somewhat,Somewhat,Somewhat,Somewhat,Somewhat,Somewhat,No,Somewhat,Yes,Yes
11082027116,Yes,Yes,No,No,No,Yes,No,No,4,Yes,No
11082018220,No,Somewhat,No,Yes,Somewhat,Somewhat,2,No,Yes,Yes,No
11081778820,2,Yes,4,Yes,2,No,Somewhat,No,No,No,No
11081746847,No,Yes,No,Somewhat,No,No,No,No,No,Yes,No
11081708089,4,No,No,Somewhat,Yes,Yes,Somewhat,No,Yes,Yes,Yes
11081646809,No,Somewhat,4,Yes,Somewhat,Somewhat,Somewhat,No,No,4,No
11081640020,No,Yes,No,Yes,Somewhat,Somewhat,No,Yes,Somewhat,4,Yes
11081468695,Somewhat,Yes,No,No,No,No,Somewhat,No,No,No,No
11081454059,Yes,Yes,No,No,No,Yes,Yes,No,No,Yes,Yes
11081429948,2,Somewhat,No,Yes,Somewhat,Somewhat,2,2,No,Yes,No
11081401000,4,4,No,No,No,Yes,Somewhat,No,No,Yes,Yes
11081392294,No,Yes,No,Yes,2,Somewhat,2,Yes,Somewhat,Yes,Yes
11081324505,Somewhat,4,No,2,Somewhat,4,Somewhat,No,No,Somewhat,No
11081299218,4,4,No,2,No,4,No,4,Somewhat,Yes,No
11081270284,2,4,No,2,No,No,No,No,No,Yes,Yes
11081253922,Somewhat,Yes,No,Somewhat,Somewhat,No,No,No,Somewhat,No,No
11081242351,2,2,No,Yes,Somewhat,Somewhat,Somewhat,No,Somewhat,Yes,No
11081228364,4,Yes,No,No,No,Yes,Somewhat,No,No,Yes,No
11081182369,4,Yes,No,2,Yes,Somewhat,2,4,Yes,Yes,4
11081181200,Yes,Yes,No,No,No,Yes,No,No,No,Yes,No
11081160367,No,Yes,Somewhat,Yes,2,No,Yes,No,No,Yes,Yes
11081159631,2,Yes,No,Yes,2,Yes,Somewhat,No,Yes,Yes,No
11081140875,Yes,Yes,No,No,Somewhat,4,Somewhat,No,4,Yes,Yes
11081127050,Yes,Yes,No,No,No,No,No,No,Somewhat,Yes,Yes
