RespondID,SatisfiedQualityLifeCommunity,HealthyCommunity,SatisfiedHealthCareSystem,GoodPlaceRaiseChildren,GoodPlaceBuildCareer,GoodPlaceGrowOld
11175384095,Yes,,Yes,4,Somewhat,Yes
11175370740,4,4,Somewhat,2,2,4
11175295204,4,4,4,4,4,4
11175288158,Somewhat,Somewhat,No,Somewhat,Yes,Yes
11175277587,2,Somewhat,Somewhat,4,Yes,Yes
11175267972,Somewhat,Somewhat,Somewhat,Somewhat,4,4
11175258600,4,4,4,4,4,Somewhat
11175250062,4,4,4,4,4,4
11175236349,No,2,No,Somewhat,No,Somewhat
11175229187,,4,4,Somewhat,Somewhat,Somewhat
11175219611,Somewhat,2,No,,2,Somewhat
11175199664,4,Somewhat,4,Somewhat,Somewhat,4
11175189002,Somewhat,Somewhat,2,No,,Somewhat
11175176277,4,4,4,Somewhat,4,4
11175164765,4,Somewhat,Somewhat,4,4,Somewhat
11175139037,Yes,Yes,Yes,,,Yes
11175128915,4,4,4,4,Somewhat,Somewhat
11175115405,Yes,4,Somewhat,4,2,4
11175104609,Yes,Yes,Yes,Somewhat,4,Yes
11175092364,Yes,Somewhat,Somewhat,Yes,Yes,Yes
11173249386,4,Yes,Somewhat,Yes,,4
11173235540,Somewhat,Somewhat,No,4,No,2
11173223016,Somewhat,Somewhat,Somewhat,Yes,Somewhat,No
11173209838,4,4,4,4,4,4
11173198394,4,4,Somewhat,Yes,4,4
11173190326,Yes,Yes,Yes,Yes,Yes,Yes
11173055944,4,4,4,Somewhat,Somewhat,Somewhat
11173042890,Yes,Yes,Yes,Yes,4,4
11173026214,Yes,Yes,Yes,Yes,Somewhat,Yes
11172966525,Somewhat,Somewhat,2,2,2,2
11172938467,Somewhat,Somewhat,Somewhat,Somewhat,2,Somewhat
11172872881,Somewhat,Somewhat,4,2,2,Somewhat
11172803317,4,4,Yes,Yes,Somewhat,4
11172753320,No,2,No,No,Somewhat,No
11172746603,No,2,No,No,No,Somewhat
11172363102,,,Somewhat,,,
11172347091,,,Somewhat,Somewhat,,Somewhat
11172335569,Somewhat,Somewhat,Somewhat,4,2,4
11172303812,,Somewhat,Somewhat,Somewhat,,Yes
11172278963,Somewhat,,,Yes,,
11172197756,,,Yes,,Somewhat,Yes
11172186318,Somewhat,Somewhat,Somewhat,4,4,4
11172167471,Somewhat,No,Somewhat,Somewhat,No,No
11172149313,,,,,,
11172120974,Somewhat,Somewhat,Somewhat,No,No,Somewhat
11172062754,No,No,No,Yes,No,Yes
11172052079,Somewhat,Somewhat,No,Somewhat,2,
11172044998,Yes,Somewhat,Somewhat,Yes,No,Yes
11172041700,4,,No,,,4
11172034736,4,4,4,,2,4
11172010683,Somewhat,Somewhat,,Somewhat,2,Somewhat
11172000928,No,No,No,Somewhat,No,Somewhat
11171936973,Somewhat,Somewhat,2,2,2,Yes
11171889102,Somewhat,Somewhat,Somewhat,Somewhat,No,Somewhat
11171775862,Yes,4,Somewhat,Somewhat,Somewhat,Somewhat
11171744820,4,Somewhat,Somewhat,Somewhat,4,Somewhat
11171441943,Somewhat,Somewhat,2,2,2,Yes
11170555556,4,4,4,Yes,Somewhat,Yes
11170551553,4,Somewhat,Somewhat,2,2,Somewhat
11170547753,Somewhat,2,2,No,No,No
11170544349,Yes,4,4,4,4,4
11170540159,,,,,,
11170534414,Somewhat,Somewhat,Somewhat,4,2,Somewhat
11170529752,Somewhat,Somewhat,Somewhat,Somewhat,Somewhat,2
11170526913,Somewhat,Somewhat,Somewhat,Somewhat,Somewhat,Somewhat
11170522659,4,Somewhat,4,Yes,Yes,Yes
11170517469,Somewhat,Somewhat,Somewhat,Somewhat,2,Yes
11170513329,4,4,Somewhat,4,2,4
11170508863,Yes,4,4,Somewhat,Somewhat,4
11170505170,Yes,Yes,Yes,Yes,Yes,Yes
11170501657,Somewhat,4,2,Somewhat,4,4
11170497462,Yes,Yes,Somewhat,Yes,Yes,Yes
11170493685,4,4,Somewhat,4,2,4
11170489392,Somewhat,4,No,Yes,2,4
11170485561,2,2,Somewhat,No,No,Yes
11170480662,Yes,Yes,Somewhat,,4,Yes
11170475594,Somewhat,No,Somewhat,Somewhat,2,Yes
11170465902,Somewhat,2,2,Somewhat,2,Somewhat
11170410525,Somewhat,Somewhat,Somewhat,2,2,4
11170406398,Somewhat,Somewhat,Somewhat,Somewhat,Somewhat,4
11170402172,2,Somewhat,,Somewhat,2,2
11170390467,4,4,Somewhat,Somewhat,4,4
11170388316,4,4,4,4,4,4
11170385868,Yes,4,4,4,Somewhat,Yes
11170384038,4,4,4,4,Somewhat,4
11170380065,4,Somewhat,Somewhat,4,2,2
11170379842,Yes,Yes,Yes,Yes,4,4
11170376460,Somewhat,Somewhat,Somewhat,Somewhat,Somewhat,Somewhat
11170375759,Yes,Yes,Yes,Yes,Yes,Yes
11170373594,4,4,4,4,4,4
11170371268,Somewhat,Somewhat,Somewhat,Yes,Somewhat,Somewhat
11170370535,Yes,Yes,4,Somewhat,Somewhat,Yes
11170366506,4,4,No,4,No,4
11170365613,Somewhat,2,2,Somewhat,4,4
11170361669,Somewhat,2,No,Yes,Somewhat,Somewhat
11170361070,Yes,Yes,Yes,,,4
11170357712,Yes,4,Yes,Yes,4,4
11170352706,4,4,Somewhat,Yes,Somewhat,4
11170278322,Somewhat,Somewhat,Somewhat,Somewhat,Somewhat,Somewhat
11170270798,Somewhat,4,Yes,Yes,Yes,Yes
11170267342,4,4,2,Somewhat,Somewhat,4
11170264318,4,4,Somewhat,4,Somewhat,4
11170261154,Somewhat,Somewhat,Somewhat,4,No,Somewhat
11170258172,Somewhat,4,4,Yes,Somewhat,4
11170253587,Somewhat,Somewhat,2,4,2,Somewhat
11170249369,Somewhat,Somewhat,2,4,2,2
11170244763,Somewhat,Somewhat,Somewhat,Somewhat,Somewhat,Somewhat
11170241090,Yes,Yes,Somewhat,Yes,Yes,Yes
11170236173,Somewhat,Somewhat,2,Somewhat,Somewhat,Somewhat
11170233091,Somewhat,Somewhat,2,Somewhat,Somewhat,Somewhat
11170229339,4,4,Somewhat,Somewhat,Somewhat,4
11170223351,4,Somewhat,No,Somewhat,2,4
11170219778,Yes,4,Somewhat,4,4,Yes
11170214711,Somewhat,Somewhat,2,4,4,4
11170210539,4,4,Somewhat,4,2,Yes
11170075695,Yes,4,Yes,4,Somewhat,Yes
11170074780,Somewhat,Somewhat,Somewhat,Somewhat,Somewhat,Somewhat
11170073523,Yes,4,Somewhat,Yes,Somewhat,Yes
11170072348,4,4,4,4,Yes,4
11170071797,Somewhat,4,,Somewhat,,Yes
11170067881,Somewhat,Somewhat,Somewhat,Somewhat,Somewhat,Somewhat
11170047634,No,Somewhat,No,Yes,Yes,Yes
11170042390,4,Yes,Somewhat,Yes,2,4
11170036459,4,Somewhat,Somewhat,Somewhat,Somewhat,Somewhat
11170029101,4,Somewhat,2,4,,Somewhat
11170022747,Somewhat,Yes,4,Yes,No,4
11170017835,Yes,Somewhat,Somewhat,4,Yes,Yes
11169999380,4,,Somewhat,Somewhat,Somewhat,4
11169996472,Yes,4,4,4,Somewhat,4
11169993736,Yes,Yes,Yes,Yes,4,Yes
11169989985,Somewhat,Somewhat,Somewhat,,,Somewhat
11169986596,4,4,Yes,4,Somewhat,4
11169984164,Somewhat,Somewhat,Somewhat,2,Somewhat,4
11169981309,Somewhat,Somewhat,Somewhat,2,2,Somewhat
11169974644,Yes,Yes,Yes,Yes,2,Yes
11169972106,Yes,4,4,Somewhat,4,Yes
11169969037,Yes,4,2,,,Yes
11169966175,Yes,Yes,Yes,Yes,Somewhat,Yes
11169962352,4,4,Yes,Somewhat,4,4
11169956552,4,4,4,4,2,4
11169764917,4,Yes,Yes,4,No,4
11169759192,4,4,4,4,Somewhat,Somewhat
11169753627,Somewhat,Somewhat,Somewhat,Somewhat,Somewhat,Somewhat
11169428242,Somewhat,Somewhat,2,No,No,4
11169397573,Somewhat,4,Somewhat,4,Somewhat,4
11169202582,4,Yes,,Yes,4,Yes
11169199030,4,Somewhat,No,Somewhat,Somewhat,4
11169196712,Somewhat,Somewhat,Somewhat,Somewhat,Somewhat,Somewhat
11169193594,,,,,,
11169190060,4,4,4,Somewhat,Somewhat,Yes
11169187907,Somewhat,Somewhat,2,4,Somewhat,4
11169186487,Somewhat,Somewhat,4,No,No,Yes
11169183293,Somewhat,Yes,Yes,Yes,Yes,Yes
11169175856,4,No,No,Yes,4,No
11169174387,Yes,Yes,Yes,Somewhat,Somewhat,Yes
11169173937,Somewhat,Somewhat,Somewhat,Somewhat,Somewhat,Yes
11169172317,4,4,Somewhat,Somewhat,No,Somewhat
11169171337,Yes,Yes,Yes,Yes,Yes,Yes
11169170078,Somewhat,2,2,Somewhat,2,4
11169166971,4,Somewhat,2,Somewhat,No,Somewhat
11169165292,Yes,Yes,Yes,Somewhat,Somewhat,Yes
11169163908,,Somewhat,Somewhat,Somewhat,Somewhat,Somewhat
11169162335,Yes,4,Yes,,,4
11169161039,4,4,4,4,Yes,Yes
11169159588,4,4,Somewhat,2,2,4
11169158203,2,Somewhat,Somewhat,Somewhat,No,No
11169157600,No,No,No,2,2,No
11169156152,Yes,Yes,Yes,,,Yes
11169154802,4,Somewhat,4,4,4,4
11169153963,4,4,2,Somewhat,No,4
11169152282,4,4,Somewhat,Somewhat,2,Somewhat
11169151581,Yes,Yes,4,Somewhat,4,Yes
11169150978,Somewhat,Somewhat,Somewhat,4,Somewhat,Somewhat
11169148965,Yes,4,Yes,Yes,Yes,Yes
11169146608,Yes,Yes,Yes,Somewhat,Somewhat,4
11169144330,No,No,No,2,2,No
11169143766,4,4,Somewhat,Somewhat,2,Yes
11169143497,Yes,Somewhat,Somewhat,Somewhat,2,4
11169138263,Somewhat,Somewhat,Somewhat,4,Somewhat,4
11169136558,Somewhat,Somewhat,Somewhat,2,2,No
11169135569,4,Somewhat,Somewhat,Somewhat,Somewhat,4
11169133857,Somewhat,Somewhat,Somewhat,Somewhat,2,4
11169133183,2,No,No,4,Somewhat,Somewhat
11169133084,Somewhat,Somewhat,2,Somewhat,Somewhat,4
11169129614,No,2,No,No,Somewhat,Somewhat
11169129353,4,4,Somewhat,4,2,4
11169129336,Somewhat,Somewhat,2,4,2,Yes
11169125217,Somewhat,Somewhat,Somewhat,2,Somewhat,No
11169122591,4,Somewhat,Yes,2,No,Somewhat
11169118008,Somewhat,4,Somewhat,4,2,Somewhat
11169117451,Somewhat,2,No,Somewhat,Somewhat,No
11169115321,Somewhat,Somewhat,2,2,2,Somewhat
11169112661,Somewhat,No,2,2,Somewhat,Somewhat
11169112395,Somewhat,Somewhat,2,Somewhat,Somewhat,Somewhat
11169110225,Somewhat,Somewhat,4,Somewhat,Somewhat,Yes
11169107368,2,2,Somewhat,No,No,No
11169105275,4,,Somewhat,Somewhat,4,4
11169101025,Yes,Somewhat,Yes,4,Yes,Yes
11169098619,Yes,Somewhat,4,4,4,4
11169096282,Yes,4,Yes,Yes,4,Yes
11169091552,Yes,Somewhat,Yes,Yes,Somewhat,Somewhat
11169088964,2,4,Somewhat,4,Somewhat,Yes
11169084262,2,2,2,2,2,2
11169080289,Yes,Yes,Yes,Yes,Yes,Yes
11169078051,Yes,Yes,Yes,Yes,Yes,Yes
11169076744,4,4,Yes,4,Somewhat,4
11169075073,Yes,Somewhat,4,Somewhat,Somewhat,Yes
11169061263,4,Somewhat,,No,No,Somewhat
11169053621,2,2,No,Yes,Somewhat,Yes
11169050480,Yes,Yes,Yes,Yes,,Somewhat
11169047266,Yes,4,Somewhat,Yes,2,Yes
11169043223,Somewhat,Somewhat,2,4,4,4
11169039671,4,4,,,,
11169036708,Yes,Yes,Yes,Yes,No,Somewhat
11169032638,Yes,Yes,4,4,4,4
11169027789,Somewhat,Somewhat,4,4,,Somewhat
11169026199,4,Somewhat,Somewhat,2,2,4
11169023793,Yes,Yes,Somewhat,4,2,4
11169021445,Somewhat,,No,,No,Yes
11169019807,Somewhat,Somewhat,Somewhat,Somewhat,4,Yes
11169017642,Yes,Yes,Yes,Yes,4,Yes
11169016622,Somewhat,Somewhat,2,4,2,Somewhat
11169014798,Yes,Yes,Yes,Yes,4,Yes
11169013225,Somewhat,Somewhat,Somewhat,Somewhat,Somewhat,Somewhat
11169011413,Somewhat,4,Somewhat,2,2,4
11169009413,Somewhat,Somewhat,4,Yes,No,Yes
11168987777,4,Somewhat,Somewhat,2,No,4
11168983610,4,Somewhat,Somewhat,2,No,4
11168978050,Somewhat,Somewhat,Somewhat,Somewhat,4,Somewhat
11168974990,4,4,Somewhat,4,,4
11168972050,Somewhat,Somewhat,Somewhat,Somewhat,2,2
11168967764,Yes,4,Yes,4,4,Yes
11168965065,4,4,4,4,2,4
11168962007,4,Somewhat,4,Somewhat,2,Somewhat
11168957322,4,4,2,4,2,4
11168953748,4,Somewhat,No,Yes,2,4
11168948564,Yes,Somewhat,No,Yes,2,4
11168945581,Yes,Somewhat,4,Yes,Yes,Yes
11168942824,Somewhat,2,Somewhat,Somewhat,Somewhat,Somewhat
11168940274,Somewhat,Yes,Somewhat,Yes,4,Yes
11168937866,,,No,Yes,Yes,Yes
11168935261,Somewhat,Somewhat,4,Somewhat,2,Yes
11168932016,Somewhat,Somewhat,4,4,2,Somewhat
11168788711,Somewhat,Somewhat,Somewhat,4,Somewhat,Somewhat
11168783767,Somewhat,Somewhat,Somewhat,2,No,Somewhat
11168778770,4,Somewhat,Somewhat,4,Somewhat,4
11168760288,Yes,Yes,Somewhat,Somewhat,Somewhat,Yes
11168753097,4,Somewhat,Somewhat,4,Somewhat,4
11168748328,Somewhat,Somewhat,Somewhat,Somewhat,2,Somewhat
11168741905,No,Somewhat,No,Somewhat,No,2
11168735906,4,4,Yes,4,,Somewhat
11168733906,Yes,Yes,Yes,Yes,Yes,Yes
11168729577,Yes,Yes,Somewhat,Somewhat,No,Yes
11168728711,Yes,Yes,Yes,Yes,Somewhat,4
11168726759,Yes,Yes,,Yes,,
11168723278,Yes,,Yes,4,No,Yes
11168718852,4,4,2,Yes,Somewhat,Yes
11168716255,Somewhat,Somewhat,2,Somewhat,Somewhat,Yes
11168712393,Somewhat,Somewhat,Somewhat,Somewhat,No,Somewhat
11168710897,Somewhat,Yes,Yes,4,Yes,Yes
11168707645,Yes,4,Yes,Yes,4,Yes
11168699973,Somewhat,Somewhat,Somewhat,,Somewhat,Yes
11168699946,Somewhat,Somewhat,4,Somewhat,2,2
11168696658,Somewhat,Somewhat,Yes,Somewhat,Somewhat,Somewhat
11168694316,,Somewhat,Somewhat,Somewhat,Somewhat,Somewhat
11168691332,Somewhat,2,Yes,Yes,No,Yes
11168684025,Somewhat,Somewhat,Somewhat,,2,2
11168682452,4,4,4,4,No,Somewhat
11168680256,Yes,4,Yes,Somewhat,Yes,Yes
11168674752,Somewhat,Somewhat,Somewhat,Yes,No,Yes
11168674651,Somewhat,Somewhat,,2,2,Somewhat
11168670412,,Yes,Yes,,,Yes
11168665608,4,Somewhat,4,4,4,4
11168661093,4,4,4,4,4,4
11168657433,Somewhat,,Somewhat,,,
11168555676,No,Somewhat,No,Yes,Yes,Yes
11168554852,Somewhat,No,Somewhat,No,Somewhat,Yes
11168545071,4,Somewhat,Somewhat,4,2,4
11168540351,4,4,4,Yes,2,Yes
11168536382,Yes,Yes,Yes,Somewhat,Somewhat,2
11168525216,Yes,Yes,Yes,Yes,4,Yes
11168520917,Somewhat,Somewhat,4,Yes,4,Yes
11168520286,Somewhat,2,No,Somewhat,4,4
11168515917,Somewhat,4,2,2,No,4
11167625375,Somewhat,Somewhat,Somewhat,Somewhat,Somewhat,Somewhat
11167431696,Somewhat,Somewhat,2,Somewhat,No,Somewhat
11167371497,4,Somewhat,Yes,Yes,No,4
11167368685,Yes,Yes,,Yes,,Yes
11167363899,4,Somewhat,Somewhat,Somewhat,Somewhat,4
11167361483,4,4,4,Yes,4,Yes
11167355328,Yes,Yes,Yes,Yes,Somewhat,4
11167355078,Somewhat,Somewhat,Somewhat,Somewhat,Somewhat,Yes
11167347456,2,2,No,2,No,Somewhat
11167340559,Yes,Yes,No,4,Yes,Yes
11167332746,4,4,2,4,Somewhat,4
11167331627,4,Somewhat,No,2,2,4
11167326695,Somewhat,Somewhat,Somewhat,Somewhat,2,Yes
11167324290,2,2,Somewhat,2,2,Somewhat
11167323591,4,4,Somewhat,4,4,4
11167323157,Yes,Yes,Yes,Yes,,4
11167320154,No,No,No,Somewhat,No,No
11167314128,Yes,Yes,Yes,Yes,4,Yes
11167313784,Somewhat,2,2,Somewhat,Somewhat,Somewhat
11167311362,,,,,,
11167303084,2,2,2,Somewhat,4,No
11167295215,Somewhat,Somewhat,Somewhat,Somewhat,Somewhat,4
11167287819,4,4,Somewhat,Yes,Yes,Yes
11167284362,,,,,,
11167280863,4,4,2,4,No,Yes
11167274556,4,4,Yes,4,4,Yes
11167266176,4,4,Somewhat,4,2,4
11167261821,2,No,No,No,No,2
11167261578,Somewhat,Somewhat,2,4,2,4
11167255956,4,Somewhat,No,Yes,Yes,Yes
11167249988,Somewhat,4,2,4,,No
11167245164,Somewhat,Somewhat,Somewhat,Somewhat,Somewhat,Somewhat
11167241797,No,4,Somewhat,2,No,Yes
11167232106,Somewhat,Somewhat,Somewhat,4,4,Yes
11167227383,Yes,Yes,Yes,Yes,Yes,Yes
11167227065,Yes,4,Yes,Yes,Yes,Yes
11167220640,Somewhat,4,Somewhat,No,Somewhat,Somewhat
11167217319,Yes,4,Yes,Yes,Yes,Yes
11167212890,Somewhat,Somewhat,Somewhat,No,No,4
11167205603,4,4,,4,Somewhat,Somewhat
11167204119,2,2,2,Somewhat,No,Somewhat
11167201133,4,4,2,2,Somewhat,4
11167188862,Somewhat,Somewhat,Somewhat,4,2,4
11167176644,4,Somewhat,Somewhat,4,No,4
11167164714,4,Somewhat,Somewhat,Somewhat,2,Somewhat
11167151703,2,Somewhat,No,4,Somewhat,
11167130622,Somewhat,4,Somewhat,Somewhat,Somewhat,Somewhat
11167119189,No,No,Somewhat,Somewhat,2,4
11167106075,4,4,Somewhat,Somewhat,2,Somewhat
11167099178,2,2,Somewhat,2,2,Somewhat
11167083032,2,Somewhat,2,Somewhat,Somewhat,Somewhat
11167068541,Yes,Yes,Somewhat,Yes,4,4
11166982689,Yes,Yes,4,Yes,4,Yes
11166274825,Yes,Yes,Yes,Yes,Yes,Yes
11166260590,Yes,Yes,Yes,Yes,4,Yes
11166258730,Somewhat,Somewhat,No,4,4,No
11166251179,4,Somewhat,Somewhat,4,4,Yes
11166241233,2,2,2,Somewhat,4,
11166239306,Yes,Yes,Yes,Yes,Yes,Yes
11166226128,No,No,No,No,No,No
11166224969,Somewhat,Somewhat,4,Somewhat,Somewhat,Somewhat
11166214336,2,2,2,2,2,2
11166209726,4,4,Somewhat,4,2,
11166206361,Yes,4,4,Yes,Yes,
11166194194,Somewhat,2,4,4,Somewhat,4
11166188312,Somewhat,Somewhat,Somewhat,Somewhat,4,4
11166183367,Somewhat,Yes,2,4,4,Somewhat
11166167471,Yes,Yes,Somewhat,Somewhat,Somewhat,Yes
11166166359,Somewhat,Somewhat,Somewhat,Somewhat,Somewhat,Somewhat
11166063300,4,4,4,4,2,4
11165669973,Somewhat,Somewhat,Yes,No,No,Yes
11165012444,4,Yes,4,Yes,Somewhat,4
11164815511,Somewhat,Somewhat,Somewhat,Somewhat,Somewhat,Somewhat
11164812014,Somewhat,Somewhat,4,Somewhat,Somewhat,4
11164650427,Somewhat,4,Somewhat,4,Somewhat,Somewhat
11164494487,Somewhat,2,4,4,No,Somewhat
11163939883,4,4,4,Yes,Somewhat,4
11163388957,Somewhat,Somewhat,Somewhat,2,No,4
11163297153,,,,,,
11162819218,Yes,Yes,Yes,Yes,Yes,Yes
11162801723,4,4,Somewhat,2,2,Yes
11162271812,4,Somewhat,4,Somewhat,4,Yes
11162152745,Somewhat,2,2,Somewhat,No,Somewhat
11161432220,Somewhat,Somewhat,No,Somewhat,No,Somewhat
11160859560,4,Yes,Somewhat,4,No,Somewhat
11160845455,2,2,2,No,Somewhat,4
11160839838,Somewhat,Somewhat,2,Somewhat,2,Somewhat
11160831679,Somewhat,Somewhat,,Somewhat,No,
11160827427,4,4,4,4,No,Yes
11160822002,Somewhat,4,4,4,Somewhat,4
11160816054,No,No,No,No,No,Yes
11160810539,Somewhat,2,2,2,4,4
11160805278,Somewhat,Somewhat,Somewhat,Somewhat,Somewhat,Somewhat
11160791306,2,2,No,Somewhat,No,Somewhat
11160785593,Somewhat,Somewhat,Somewhat,Somewhat,Somewhat,
11160779076,No,Somewhat,Somewhat,2,2,Somewhat
11160773314,No,Somewhat,2,No,No,No
11160766622,Somewhat,No,2,Somewhat,No,No
11160766172,4,Yes,4,4,Somewhat,Yes
11160761445,No,No,No,2,2,Somewhat
11160753990,Somewhat,Somewhat,4,Somewhat,2,2
11160748232,Somewhat,Somewhat,Somewhat,Somewhat,No,Somewhat
11160740726,Somewhat,Somewhat,2,4,Yes,Yes
11160734603,4,Somewhat,Somewhat,4,2,Somewhat
11160723234,Somewhat,Somewhat,Somewhat,4,2,Yes
11160715764,Somewhat,Somewhat,Somewhat,4,4,Somewhat
11160709152,Somewhat,Somewhat,Somewhat,Somewhat,Somewhat,Somewhat
11160702251,4,Somewhat,Somewhat,Somewhat,Somewhat,Yes
11160696530,2,No,Somewhat,No,No,No
11160688201,Somewhat,No,Somewhat,2,No,Yes
11160682142,No,No,No,2,No,No
11160671864,4,No,Somewhat,2,Somewhat,Yes
11160664703,2,No,No,Somewhat,Somewhat,4
11160657255,Somewhat,Somewhat,Somewhat,Somewhat,4,4
11160649755,Somewhat,2,2,No,No,No
11160643190,Somewhat,Somewhat,No,Somewhat,2,Somewhat
11160623096,2,No,No,No,No,No
11160391837,No,2,No,Somewhat,No,Yes
11160236580,Somewhat,Somewhat,Somewhat,Somewhat,4,4
11160198624,Somewhat,Somewhat,2,2,2,4
11160194782,Somewhat,Somewhat,Somewhat,Somewhat,2,Somewhat
11160192650,Somewhat,4,Somewhat,4,2,Somewhat
11160183275,2,Somewhat,2,Somewhat,No,No
11160183107,Somewhat,2,Somewhat,Somewhat,No,4
11160176796,Somewhat,2,No,Somewhat,2,Yes
11160175349,No,No,No,No,No,No
11160167278,Somewhat,Somewhat,2,2,Somewhat,4
11160166822,Somewhat,Somewhat,Somewhat,Somewhat,2,Somewhat
11160158525,No,Somewhat,2,Somewhat,No,No
11160156592,No,Somewhat,No,No,No,No
11160150713,Somewhat,2,2,2,Somewhat,Somewhat
11160145292,No,2,No,No,No,No
11160140163,Somewhat,Somewhat,2,Somewhat,2,Yes
11160133375,Somewhat,Somewhat,Somewhat,Somewhat,Somewhat,Somewhat
11160114124,2,Somewhat,2,4,Somewhat,Yes
11160087778,Somewhat,Somewhat,No,2,Somewhat,Somewhat
11160081544,2,No,No,No,No,No
11160072417,Somewhat,4,Somewhat,Yes,Somewhat,4
11160058432,Somewhat,Somewhat,2,Yes,Somewhat,Somewhat
11160050229,,2,2,2,2,2
11160032419,Somewhat,Somewhat,2,Somewhat,Somewhat,Somewhat
11160024805,Somewhat,Somewhat,2,2,2,Somewhat
11160016253,Somewhat,Somewhat,2,Somewhat,Somewhat,4
11160007197,4,Somewhat,No,Somewhat,Somewhat,Yes
11160001373,Somewhat,2,2,Somewhat,2,2
11159993452,No,No,2,No,No,No
11159983528,Somewhat,Somewhat,Somewhat,Somewhat,Somewhat,Somewhat
11159969440,4,4,4,4,Somewhat,4
11159945746,4,Somewhat,2,Somewhat,2,Somewhat
11159915169,Somewhat,Somewhat,No,Somewhat,2,Somewhat
11159874639,2,2,Somewhat,2,No,Somewhat
11159833224,Yes,4,Somewhat,Somewhat,No,4
11159580546,Yes,4,4,Somewhat,Somewhat,4
11159545783,Yes,4,Yes,4,No,Yes
11159453494,,,,,,
11159150368,No,No,No,Somewhat,No,No
11158603756,4,4,Somewhat,Somewhat,No,Yes
11158344605,Somewhat,4,4,Yes,4,Yes
11158124724,Somewhat,Somewhat,Somewhat,Somewhat,Somewhat,Somewhat
11158114694,Yes,Yes,Yes,Yes,Yes,Yes
11158093972,Yes,Yes,Yes,Yes,Yes,Yes
11158066008,Somewhat,Somewhat,No,4,2,Yes
11158051821,Somewhat,Somewhat,Somewhat,Somewhat,Somewhat,Somewhat
11158050713,Somewhat,Somewhat,2,4,4,4
11158044531,4,Somewhat,Somewhat,Somewhat,2,Yes
11158030580,2,Somewhat,No,No,2,No
11158029931,Somewhat,Somewhat,No,Somewhat,4,Yes
11158017301,Somewhat,Somewhat,Somewhat,Yes,Yes,Yes
11158012615,Yes,Yes,Yes,Yes,Yes,Yes
11158001994,Yes,Somewhat,Somewhat,Yes,4,Yes
11157998657,Yes,Yes,4,Yes,Somewhat,Yes
11157992334,Yes,Yes,Yes,Yes,Yes,Yes
11157984902,4,4,4,Somewhat,2,2
11157982800,4,Somewhat,,Yes,4,Yes
11157973953,Yes,Yes,4,Yes,4,4
11157960875,4,Somewhat,4,Yes,4,Somewhat
11157958204,Somewhat,2,4,2,No,4
11157946891,Somewhat,Somewhat,4,Yes,Somewhat,Yes
11157929114,4,4,Somewhat,4,Somewhat,Somewhat
11157907426,Yes,Yes,4,Yes,Yes,4
11157896675,4,Somewhat,4,4,Somewhat,4
11157895116,4,4,4,4,4,4
11157757028,Somewhat,Somewhat,4,4,Yes,Somewhat
11157515766,Somewhat,Somewhat,Somewhat,Somewhat,Somewhat,Somewhat
11157439953,Yes,Yes,Somewhat,4,Yes,Yes
11157265408,Somewhat,Somewhat,Somewhat,2,2,Somewhat
11157108200,Somewhat,Somewhat,Somewhat,Somewhat,Somewhat,Somewhat
11157026557,Yes,Somewhat,Somewhat,Somewhat,Somewhat,4
11156931095,Somewhat,No,Somewhat,Somewhat,2,2
11156888513,Somewhat,Somewhat,2,4,2,Yes
11156850466,Somewhat,2,2,No,2,4
11156829742,No,No,No,2,No,No
11156806883,Somewhat,Somewhat,No,Somewhat,2,Yes
11156792191,4,4,Somewhat,4,Somewhat,Yes
11156783723,Somewhat,Somewhat,Somewhat,Somewhat,4,4
11156770507,Somewhat,,Yes,,No,
11156757930,Somewhat,Somewhat,2,No,2,Yes
11156709964,Yes,Yes,4,Yes,Somewhat,Yes
11156707039,Yes,Yes,4,Yes,Yes,Yes
11156688923,Somewhat,No,No,Somewhat,No,Somewhat
11156644663,Somewhat,4,2,2,2,Yes
11156634279,Somewhat,Yes,No,Somewhat,No,Yes
11156566274,Somewhat,Somewhat,Somewhat,Somewhat,4,Somewhat
11156546382,No,Somewhat,No,No,No,Yes
11156523841,Somewhat,Somewhat,No,2,2,Somewhat
11156513419,Somewhat,Somewhat,No,No,2,Somewhat
11156490234,Somewhat,2,2,Somewhat,No,2
11156465714,Somewhat,Somewhat,Somewhat,Yes,4,Yes
11156356164,4,Somewhat,Somewhat,Yes,Yes,Somewhat
11156298433,4,4,Yes,4,4,4
11156206751,Somewhat,Somewhat,No,Somewhat,2,Yes
11156141518,Somewhat,Somewhat,Somewhat,Somewhat,Somewhat,2
11154518306,Yes,4,2,Somewhat,2,Somewhat
11154270878,Yes,Yes,Yes,Somewhat,Somewhat,Yes
11154243190,4,Somewhat,Somewhat,Yes,4,4
11154230975,No,No,2,No,No,No
11154220690,Somewhat,4,Somewhat,Somewhat,2,2
11154182451,No,2,No,No,,No
11154165750,Somewhat,Somewhat,2,Yes,Somewhat,Yes
11154046568,No,No,No,No,Somewhat,No
11154032699,Somewhat,Somewhat,No,,2,Somewhat
11154008556,No,No,No,No,No,No
11153960018,4,Somewhat,Somewhat,Somewhat,2,4
11153935110,4,4,4,Yes,Somewhat,4
11153928476,No,No,No,No,Somewhat,No
11153918810,4,Somewhat,Somewhat,4,Somewhat,4
11153903113,Somewhat,Somewhat,2,No,Somewhat,4
11153829852,Somewhat,4,4,4,4,4
11153766917,4,Somewhat,Somewhat,4,No,4
11152954615,4,Somewhat,4,Yes,Somewhat,Yes
11152946199,Somewhat,Somewhat,4,Somewhat,Somewhat,Somewhat
11152865758,2,2,No,No,No,Somewhat
11152852941,Yes,Yes,4,Somewhat,Somewhat,Yes
11152852098,4,Somewhat,No,,Somewhat,Somewhat
11152789413,2,No,Somewhat,Somewhat,No,2
11152725282,Somewhat,Somewhat,Somewhat,Somewhat,Somewhat,
11152605929,Somewhat,4,Somewhat,,2,4
11152424058,Somewhat,Somewhat,Somewhat,2,No,Somewhat
11150856257,4,4,Somewhat,Somewhat,Somewhat,4
11150755946,Somewhat,2,Somewhat,Somewhat,No,Somewhat
11150513432,4,Somewhat,2,Somewhat,2,Somewhat
11150490306,4,4,2,2,,4
11150285615,No,No,No,No,No,No
11149917596,4,4,4,Somewhat,2,Yes
11148814111,Yes,Yes,Somewhat,Somewhat,Somewhat,Yes
11148656975,Yes,Yes,Yes,Yes,4,Yes
11148417570,Somewhat,2,Somewhat,No,No,2
11148396475,No,No,No,No,No,Somewhat
11148395089,Somewhat,Somewhat,No,4,Somewhat,Somewhat
11148393012,Somewhat,Somewhat,Somewhat,Somewhat,Somewhat,Somewhat
11148304045,Somewhat,Somewhat,2,Somewhat,2,Somewhat
11148254681,4,Somewhat,Somewhat,Somewhat,2,Yes
11148199495,Somewhat,Somewhat,Somewhat,2,No,Somewhat
11148183587,Somewhat,Somewhat,No,Somewhat,4,Yes
11148043130,4,4,Somewhat,Somewhat,4,4
11148008740,Somewhat,Somewhat,No,Somewhat,No,2
11147956480,4,4,4,No,4,Yes
11147949392,4,4,Somewhat,Somewhat,2,4
11147653510,Yes,Yes,Somewhat,Yes,Yes,Yes
11147027664,4,Somewhat,2,2,2,2
11146999714,4,Somewhat,Somewhat,Somewhat,2,4
11146654275,Yes,4,Somewhat,4,Somewhat,Yes
11146422242,4,Somewhat,Somewhat,Somewhat,Somewhat,4
11145532810,Yes,Somewhat,4,Yes,Somewhat,Yes
11145322476,Somewhat,4,4,Somewhat,Somewhat,Somewhat
11144852296,4,Somewhat,2,Somewhat,Somewhat,4
11144480699,4,4,Somewhat,4,Somewhat,Somewhat
11144220820,Yes,4,4,4,Somewhat,Yes
11144127020,Yes,Yes,4,Yes,Yes,Yes
11143736310,Somewhat,Somewhat,Somewhat,Somewhat,No,2
11143612405,Somewhat,4,2,Yes,4,4
11142619722,Somewhat,Somewhat,4,4,2,Yes
11142100243,4,4,4,Somewhat,No,4
11142084354,Somewhat,4,2,Somewhat,2,Somewhat
11142074304,Somewhat,Somewhat,Somewhat,Somewhat,2,Somewhat
11142065350,4,4,Yes,No,Somewhat,4
11142057879,Yes,Yes,Yes,Yes,Yes,Yes
11142049048,2,2,No,2,No,Somewhat
11142041256,No,No,Somewhat,No,No,No
11142018502,2,No,No,2,No,Yes
11141935354,Somewhat,Somewhat,Somewhat,Somewhat,2,2
11141889590,No,No,Somewhat,No,No,Somewhat
11141752083,4,4,2,Somewhat,2,Yes
11141702367,Yes,Somewhat,Yes,Yes,No,Yes
11141624659,Yes,4,4,4,Somewhat,4
11141615451,Somewhat,Somewhat,Somewhat,Somewhat,2,4
11141494985,,,,,,
11141300188,Yes,Yes,Yes,4,4,Yes
11141222098,Somewhat,No,2,No,No,Somewhat
11141189996,Yes,4,4,Yes,4,Yes
11140998605,4,4,Yes,Somewhat,Somewhat,Yes
11140985811,4,Somewhat,Somewhat,4,Somewhat,Somewhat
11140913133,4,4,Somewhat,4,Somewhat,4
11140846801,4,Somewhat,No,4,2,4
11140704603,Yes,Yes,4,Yes,4,Yes
11140698385,4,Somewhat,No,Somewhat,Somewhat,4
11140698362,Somewhat,Somewhat,2,Somewhat,2,4
11140419656,Yes,4,4,Yes,4,Yes
11140388179,Yes,Yes,Yes,Yes,Yes,Yes
11140355196,4,Somewhat,Somewhat,4,,Somewhat
11140347387,4,Somewhat,Somewhat,4,2,4
11140220155,Somewhat,Somewhat,No,Somewhat,No,Yes
11140205095,4,Somewhat,4,4,Somewhat,4
11140194394,Yes,4,4,Yes,Somewhat,4
11140192296,2,2,2,No,No,No
11139150276,Somewhat,2,No,No,No,Somewhat
11138936139,Yes,Yes,4,,,Yes
11138862235,Yes,Yes,4,Yes,4,4
11138743825,4,4,Somewhat,Yes,Yes,Yes
11138715314,Somewhat,Somewhat,Somewhat,4,4,4
11138592710,4,Somewhat,Somewhat,Yes,2,4
11138538785,,,,,,
11138529217,4,Somewhat,Somewhat,4,2,4
11138507458,Yes,4,4,4,Somewhat,Yes
11138498002,Somewhat,Somewhat,No,Somewhat,Somewhat,Somewhat
11138487982,4,Somewhat,Somewhat,Somewhat,2,Yes
11138466300,Somewhat,Somewhat,2,Somewhat,2,2
11138393879,Somewhat,Somewhat,Somewhat,4,2,2
11138376727,4,Somewhat,Somewhat,4,4,4
11138316364,4,Somewhat,Somewhat,4,4,4
11138313382,,,,,,
11138287555,Somewhat,No,No,No,2,No
11138224081,4,Somewhat,4,4,Somewhat,Somewhat
11138157561,Somewhat,Somewhat,Somewhat,Somewhat,No,Somewhat
11138137550,Yes,Yes,Yes,Yes,Yes,Yes
11138106278,Yes,Yes,Somewhat,Somewhat,4,Yes
11138045847,4,Somewhat,4,,2,4
11138019849,Somewhat,Somewhat,Somewhat,Somewhat,Somewhat,4
11138005454,4,Somewhat,4,4,4,4
11137992851,4,Somewhat,4,Somewhat,Somewhat,Somewhat
11137989208,Yes,4,4,Yes,Yes,Yes
11137960114,2,2,2,2,No,Somewhat
11137925107,Somewhat,Somewhat,No,Somewhat,2,Yes
11137916021,Somewhat,Somewhat,Somewhat,4,Somewhat,Somewhat
11137915849,Somewhat,4,4,Somewhat,Yes,Yes
11137910097,Yes,Yes,Yes,Yes,4,4
11137886188,4,4,Somewhat,Somewhat,2,4
11137873081,No,No,No,No,No,No
11137848033,Yes,Yes,Yes,Yes,Somewhat,Yes
11137754131,Somewhat,Somewhat,2,Somewhat,2,Yes
11137741790,2,No,No,No,No,2
11137720527,4,Somewhat,2,4,Somewhat,4
11137712299,4,Somewhat,4,4,2,4
11137706303,Yes,Yes,2,4,Somewhat,Yes
11137686816,4,Somewhat,Somewhat,Somewhat,2,Somewhat
11137678063,Yes,4,Somewhat,Yes,No,Yes
11137657646,Yes,4,Yes,,,Yes
11137629966,,,,,,
11137621463,4,4,Somewhat,4,Somewhat,4
11137547682,Yes,Yes,Yes,4,4,Yes
11137546607,2,Somewhat,2,2,2,2
11137545749,Somewhat,Somewhat,Somewhat,4,Somewhat,Somewhat
11137542900,Somewhat,2,No,No,No,2
11137538172,4,4,Somewhat,4,2,Somewhat
11137534789,Somewhat,Somewhat,Somewhat,No,No,4
11137526471,Yes,Somewhat,Yes,Yes,Somewhat,Somewhat
11137498875,Yes,4,Somewhat,Somewhat,Somewhat,Yes
11137497087,Yes,4,4,Yes,Somewhat,Yes
11137490425,Somewhat,Somewhat,4,Somewhat,2,Somewhat
11137488277,,,,,,
11137482537,Somewhat,Somewhat,2,4,No,Somewhat
11137478115,Yes,Somewhat,Somewhat,Somewhat,Somewhat,Yes
11137477086,4,Somewhat,Somewhat,4,Somewhat,4
11137458593,Yes,Yes,Yes,Yes,Somewhat,Yes
11137393620,4,4,Somewhat,4,Somewhat,Yes
11137392091,4,4,Somewhat,Yes,2,4
11137384639,Somewhat,Somewhat,Somewhat,No,No,Yes
11137355166,4,4,4,Somewhat,2,4
11137324489,4,Somewhat,Somewhat,Somewhat,Somewhat,4
11137323791,4,4,Somewhat,4,Somewhat,4
11137322976,Somewhat,Somewhat,2,Somewhat,2,Yes
11137319635,4,4,Somewhat,Somewhat,2,4
11137309348,Somewhat,Somewhat,Somewhat,Somewhat,2,2
11137278716,4,4,Somewhat,Somewhat,Somewhat,Somewhat
11137273171,4,Somewhat,Somewhat,4,2,4
11137271754,4,4,No,2,Somewhat,Yes
11137269279,,,,,,
11137253190,Somewhat,2,Somewhat,Somewhat,No,2
11137246262,4,Somewhat,Somewhat,4,2,Somewhat
11137244681,Somewhat,Somewhat,Somewhat,4,Somewhat,Somewhat
11137229215,Somewhat,Somewhat,No,,Somewhat,Somewhat
11137226266,4,4,Somewhat,Somewhat,4,4
11137221627,4,Somewhat,Somewhat,Somewhat,2,Somewhat
11137214994,4,4,2,2,2,Yes
11137206795,4,4,4,4,2,Yes
11137203855,Somewhat,2,Somewhat,2,,Somewhat
11137197785,4,4,Somewhat,Somewhat,Somewhat,Yes
11137189640,Somewhat,2,No,Somewhat,No,Somewhat
11137180438,Yes,4,Yes,Yes,4,Yes
11137179856,4,Somewhat,Somewhat,4,Somewhat,4
11137168034,4,Somewhat,Somewhat,4,No,Yes
11137162033,,,,,,
11137155503,4,Somewhat,2,Somewhat,2,4
11137150343,Yes,Somewhat,Somewhat,Yes,Somewhat,4
11137147920,Somewhat,Somewhat,2,Somewhat,2,4
11137139654,4,Somewhat,Somewhat,4,Somewhat,4
11137137366,Somewhat,Somewhat,No,2,2,4
11137134057,4,4,4,Somewhat,4,4
11137129074,4,Somewhat,No,Somewhat,Somewhat,4
11137126379,4,4,Somewhat,Somewhat,2,4
11137125150,,Somewhat,Somewhat,2,No,4
11137119273,Somewhat,Somewhat,2,Somewhat,Somewhat,Somewhat
11137113390,4,Somewhat,No,,2,Somewhat
11137113159,Yes,Somewhat,Somewhat,2,No,Somewhat
11137106222,4,Somewhat,4,Somewhat,Somewhat,4
11137105933,4,Somewhat,Somewhat,Somewhat,2,4
11137104397,Yes,Somewhat,Somewhat,Yes,Somewhat,Somewhat
11137103951,4,4,4,4,4,4
11137102446,Yes,Yes,Somewhat,Yes,2,Yes
11137088135,Somewhat,Somewhat,2,Somewhat,No,Somewhat
11137085697,Somewhat,Somewhat,2,Somewhat,2,Somewhat
11137082722,4,Somewhat,Somewhat,Somewhat,2,4
11137079779,4,Somewhat,Somewhat,2,2,4
11137078837,4,Somewhat,Somewhat,4,2,Yes
11137078151,4,Somewhat,No,Somewhat,2,4
11137072694,4,4,Somewhat,Somewhat,2,Somewhat
11137067939,No,Yes,No,Yes,No,No
11137067519,Somewhat,Somewhat,Somewhat,4,Somewhat,Somewhat
11137066390,4,4,Somewhat,4,2,4
11137065810,Somewhat,Somewhat,Somewhat,Somewhat,Somewhat,Somewhat
11137065271,Yes,4,Somewhat,Somewhat,Somewhat,4
11137062434,Somewhat,Somewhat,Somewhat,No,Somewhat,Somewhat
11137057202,2,No,No,No,No,No
11137055157,,,,,,
11137051829,Somewhat,Somewhat,Somewhat,Somewhat,Somewhat,2
11137051255,4,Somewhat,Somewhat,Somewhat,Somewhat,Somewhat
11137049306,4,4,Somewhat,Somewhat,No,Yes
11137048670,Somewhat,2,Somewhat,Somewhat,2,2
11137045372,4,4,Somewhat,4,Somewhat,Yes
11137044019,,,,,,
11137035274,Yes,Yes,Yes,Yes,Yes,Yes
11137034761,Somewhat,Somewhat,Somewhat,4,Somewhat,Somewhat
11137032978,Somewhat,2,No,2,2,Somewhat
11137028862,Somewhat,Somewhat,Somewhat,Somewhat,Somewhat,Somewhat
11137022470,Somewhat,4,Somewhat,Yes,2,Yes
11137020986,Yes,4,Somewhat,Yes,Yes,Yes
11137017264,Somewhat,Somewhat,Somewhat,Somewhat,Somewhat,4
11137010616,Somewhat,Somewhat,Somewhat,Somewhat,Somewhat,Yes
11137009190,Somewhat,2,No,Somewhat,2,Somewhat
11137001398,4,4,Somewhat,4,Somewhat,Somewhat
11136998009,Yes,2,2,2,No,Somewhat
11136996319,2,2,No,Somewhat,No,4
11136989188,,,,,,
11136977073,4,4,Somewhat,Somewhat,2,4
11136972642,4,4,2,Yes,2,4
11136966719,4,Somewhat,Somewhat,Yes,Somewhat,Yes
11136962243,4,Somewhat,2,Somewhat,No,Yes
11136961866,Somewhat,2,No,Somewhat,Somewhat,Somewhat
11136959430,Somewhat,Yes,Somewhat,Yes,Somewhat,Somewhat
11136957508,Somewhat,Somewhat,No,Somewhat,2,Somewhat
11136949762,Yes,Somewhat,Somewhat,4,2,Yes
11136949282,4,4,4,4,Somewhat,4
11136947817,4,4,2,No,No,Somewhat
11136943624,4,4,Somewhat,4,Somewhat,Yes
11136942467,No,No,No,No,No,No
11136939265,Somewhat,Somewhat,2,4,2,Somewhat
11136938345,Somewhat,Somewhat,2,Somewhat,No,Somewhat
11136933756,4,Somewhat,2,Somewhat,Somewhat,Somewhat
11136929606,4,Somewhat,Somewhat,Somewhat,Somewhat,Somewhat
11136928200,,,,,,
11136925399,Yes,Yes,2,Yes,2,Yes
11136922560,,,,,,
11136921897,Yes,Somewhat,Somewhat,Yes,4,Yes
11136914706,4,Somewhat,4,Somewhat,4,Yes
11136913683,4,Somewhat,2,4,Somewhat,4
11136911984,Somewhat,2,Somewhat,Somewhat,Somewhat,Yes
11136911694,Somewhat,Somewhat,Somewhat,2,No,Somewhat
11136910108,4,Somewhat,4,4,Somewhat,Yes
11136907052,Somewhat,Somewhat,Somewhat,Somewhat,Somewhat,Somewhat
11136905064,Somewhat,Somewhat,No,Somewhat,Somewhat,Somewhat
11136903223,4,Somewhat,Somewhat,No,No,2
11136901693,4,Somewhat,Somewhat,4,Somewhat,Somewhat
11136901330,Somewhat,4,Somewhat,2,2,2
11136897266,4,Somewhat,Somewhat,4,4,4
11136894826,4,Somewhat,Somewhat,4,Somewhat,Somewhat
11136894754,Somewhat,Somewhat,2,Somewhat,Somewhat,Somewhat
11136891896,Somewhat,Somewhat,2,4,No,2
11136891159,Somewhat,4,2,Somewhat,No,4
11136888889,4,4,Somewhat,4,4,4
11136887792,Somewhat,Somewhat,Somewhat,Somewhat,No,4
11136887703,No,No,No,2,No,No
11136887637,4,4,4,Somewhat,Somewhat,Yes
11136885974,4,Somewhat,Somewhat,Somewhat,2,Somewhat
11136882740,4,Somewhat,2,Somewhat,No,Somewhat
11136882470,4,Somewhat,2,Somewhat,No,Somewhat
11136880612,Somewhat,Somewhat,2,4,No,Yes
11136880559,Yes,Somewhat,Yes,Yes,Yes,Yes
11136880440,4,Somewhat,Somewhat,4,2,4
11136876890,4,4,Somewhat,4,4,4
11136873488,4,4,4,4,2,Somewhat
11136872757,4,Somewhat,Somewhat,Somewhat,2,4
11136869774,4,Somewhat,Somewhat,Somewhat,2,Somewhat
11136869415,,,,,,
11136868205,4,Somewhat,No,2,No,Yes
11136868180,4,4,2,4,2,2
11136867502,4,2,No,Somewhat,No,No
11136866712,Somewhat,Somewhat,Somewhat,Somewhat,2,4
11136863703,,,,,,
11136862974,4,Somewhat,Somewhat,4,No,Somewhat
11136862588,4,2,2,4,2,Yes
11136862057,Somewhat,Somewhat,2,Somewhat,No,Somewhat
11136859429,Somewhat,2,2,2,No,Somewhat
11136857682,4,Somewhat,2,4,Somewhat,4
11136857642,4,Somewhat,2,Somewhat,Somewhat,4
11136857290,4,Somewhat,Somewhat,Somewhat,2,Somewhat
11136856698,4,4,2,4,Somewhat,4
11136856058,Yes,4,Somewhat,4,Somewhat,Somewhat
11136854536,Somewhat,2,Somewhat,Somewhat,No,2
11136853806,Somewhat,Somewhat,Somewhat,2,2,Somewhat
11136852442,Somewhat,2,Somewhat,2,No,Somewhat
11136850845,Yes,Yes,4,Yes,4,Yes
11136848277,Somewhat,Somewhat,2,No,No,Yes
11136847230,,,,,,
11136846678,4,4,2,4,Somewhat,4
11136716294,Somewhat,2,2,2,2,Somewhat
11136582696,Yes,Somewhat,Somewhat,Yes,Somewhat,Yes
11135885066,4,4,4,Somewhat,4,Yes
11135847177,4,Yes,Somewhat,4,4,Yes
11135844893,4,Somewhat,Somewhat,Somewhat,Somewhat,4
11135725170,Somewhat,2,2,Somewhat,No,Yes
11135723825,Yes,4,4,4,4,Yes
11135361559,2,2,Somewhat,Somewhat,No,2
11135337524,Somewhat,Somewhat,2,Somewhat,2,Somewhat
11134266915,4,4,4,4,4,Yes
11134053340,Somewhat,Somewhat,Somewhat,Somewhat,Yes,Yes
11133960112,Somewhat,Somewhat,Somewhat,Somewhat,2,4
11133846050,4,Somewhat,2,Yes,4,4
11133831339,4,Somewhat,4,4,2,Yes
11133776748,Yes,4,Somewhat,Somewhat,Somewhat,4
11133720675,Somewhat,Somewhat,2,Somewhat,Somewhat,2
11132490960,2,2,No,2,2,2
11132439930,Somewhat,Somewhat,No,2,2,No
11132293435,4,Yes,Yes,4,4,Yes
11132278959,Somewhat,Somewhat,Somewhat,Somewhat,Somewhat,Somewhat
11131228070,Somewhat,Somewhat,Somewhat,Somewhat,Somewhat,Somewhat
11129974751,Somewhat,2,2,Somewhat,4,Somewhat
11129954385,Somewhat,Somewhat,4,Somewhat,2,Somewhat
11129761694,4,4,Somewhat,4,Somewhat,Yes
11129747416,Yes,Yes,4,4,Yes,Yes
11129603299,4,4,4,Yes,Somewhat,Yes
11129592957,Yes,4,4,Somewhat,Yes,No
11129584688,Somewhat,Somewhat,Somewhat,Somewhat,Somewhat,4
11129574311,Somewhat,No,No,Somewhat,No,4
11129574281,Yes,4,Yes,Yes,Yes,Yes
11129563657,4,4,4,4,Somewhat,4
11129552498,4,Somewhat,4,2,No,4
11129545774,Yes,4,Somewhat,4,Somewhat,4
11129540797,Yes,4,Somewhat,Somewhat,Somewhat,4
11129532913,4,Somewhat,Somewhat,4,Somewhat,Somewhat
11129523739,Somewhat,2,No,2,Somewhat,Somewhat
11129512504,Somewhat,Somewhat,4,Somewhat,Somewhat,4
11129468806,4,Somewhat,Somewhat,4,4,Yes
11129398036,Yes,Yes,Somewhat,2,2,Yes
11129285910,2,Somewhat,Somewhat,Somewhat,No,Somewhat
11128857166,Somewhat,Somewhat,Somewhat,4,2,Somewhat
11128840140,Yes,Yes,Yes,Somewhat,4,Yes
11128584788,Somewhat,2,No,2,No,4
11128582891,Yes,4,Somewhat,Somewhat,No,Yes
11128504549,4,Somewhat,Somewhat,4,No,4
11128388177,4,4,4,4,4,4
11128346916,4,Somewhat,No,Yes,Somewhat,Yes
11128320949,Somewhat,Somewhat,Somewhat,Somewhat,No,Yes
11127986001,Yes,Somewhat,Yes,4,Yes,Yes
11127057939,No,No,No,No,No,No
11126670689,Somewhat,2,Somewhat,2,No,4
11126574267,Yes,4,4,Yes,Yes,Yes
11126531114,No,No,No,No,No,2
11126456021,Somewhat,2,Somewhat,Somewhat,,Somewhat
11126413787,Yes,Somewhat,4,4,Somewhat,Yes
11126303848,Somewhat,No,No,2,2,4
11126297936,Somewhat,Somewhat,2,2,No,Somewhat
11126081921,Yes,Somewhat,Yes,Yes,No,Yes
11126004524,4,2,Somewhat,4,No,Yes
11125875565,Somewhat,Somewhat,Somewhat,Somewhat,2,Yes
11125872405,Somewhat,Somewhat,Yes,Somewhat,No,Somewhat
11125819783,Somewhat,Somewhat,Somewhat,Somewhat,Somewhat,Somewhat
11125758261,2,No,No,2,No,2
11125622848,Somewhat,Somewhat,No,Somewhat,2,4
11125601473,4,Somewhat,Somewhat,4,2,4
11125592878,4,4,Somewhat,4,2,4
11125586368,4,4,2,Somewhat,2,Somewhat
11125572387,,,,,,
11125571753,4,Somewhat,Somewhat,Somewhat,Somewhat,Somewhat
11125544806,Somewhat,Somewhat,No,4,No,Somewhat
11125523914,Yes,Yes,Yes,Yes,Somewhat,Somewhat
11125488916,Yes,Yes,Yes,Yes,Somewhat,Yes
11125456862,2,2,2,Somewhat,No,Somewhat
11125422100,4,Somewhat,2,Somewhat,4,Somewhat
11125410518,4,Somewhat,4,4,2,4
11125401288,Yes,Somewhat,Somewhat,Yes,Somewhat,4
11125377269,4,4,4,4,Somewhat,Yes
11125352840,4,4,Somewhat,4,Somewhat,Yes
11125347189,4,Somewhat,Somewhat,Somewhat,Somewhat,Yes
11125250741,,,,,,
11125224192,Yes,Somewhat,4,Yes,Somewhat,Yes
11125192223,Somewhat,Somewhat,Somewhat,Somewhat,Somewhat,4
11125064026,Yes,Somewhat,4,Yes,4,Yes
11124853402,4,Somewhat,Somewhat,Somewhat,Somewhat,4
11124633705,Yes,Somewhat,Somewhat,Yes,2,Yes
11123980223,Somewhat,Somewhat,Somewhat,Somewhat,2,Somewhat
11123785009,No,No,Somewhat,No,No,Somewhat
11123703457,Somewhat,2,2,Somewhat,No,Somewhat
11123462161,Somewhat,2,2,4,No,Somewhat
11123447697,4,4,Somewhat,Somewhat,2,4
11123434098,4,Somewhat,Somewhat,4,2,4
11123316889,Somewhat,Somewhat,2,Somewhat,No,Somewhat
11123171749,,,,,,
11123044482,Somewhat,Somewhat,No,Somewhat,2,4
11123018737,No,2,Somewhat,Somewhat,2,Yes
11122999070,4,Somewhat,4,4,2,4
11122993145,Somewhat,Somewhat,Somewhat,Somewhat,No,2
11122935228,Somewhat,Somewhat,Somewhat,2,2,Somewhat
11122889718,Yes,Somewhat,Somewhat,Yes,Somewhat,Somewhat
11122856747,4,Somewhat,Somewhat,Somewhat,2,Somewhat
11122856621,Yes,4,Yes,4,4,Yes
11122806141,Yes,4,2,Yes,4,Yes
11122782218,No,No,No,No,No,No
11122296674,Yes,Somewhat,Somewhat,4,4,4
11122279026,Yes,Somewhat,Somewhat,Yes,Yes,Yes
11122172772,4,Somewhat,2,Somewhat,2,4
11122171297,Somewhat,Somewhat,2,2,Somewhat,Somewhat
11122108015,4,4,4,4,4,Yes
11122012255,2,2,2,2,No,2
11121874765,Somewhat,Somewhat,4,Somewhat,Somewhat,4
11121849445,Yes,4,4,4,4,4
11121823589,4,4,Somewhat,Yes,Yes,4
11121638908,Somewhat,2,Somewhat,Somewhat,2,2
11121588719,4,4,Somewhat,4,Somewhat,4
11120674565,Somewhat,Somewhat,No,Somewhat,Somewhat,Somewhat
11120671382,4,Somewhat,Somewhat,4,4,Somewhat
11120476955,Somewhat,Somewhat,Somewhat,Somewhat,No,Somewhat
11120468306,Somewhat,Somewhat,No,Somewhat,No,Yes
11120215588,Somewhat,Somewhat,Somewhat,,Somewhat,Somewhat
11120191926,4,Somewhat,2,Somewhat,Somewhat,Somewhat
11120158186,4,4,2,Somewhat,Somewhat,4
11120105416,Yes,4,4,Yes,Somewhat,Yes
11120067850,4,Somewhat,Somewhat,4,2,Yes
11120041440,,,,,,
11120041025,4,Somewhat,4,4,4,4
11119977369,Somewhat,Somewhat,Somewhat,2,2,4
11119866351,Somewhat,Somewhat,2,2,No,Yes
11119724043,,,,,,
11119712814,Somewhat,Somewhat,Somewhat,2,Somewhat,2
11119696245,4,Somewhat,Somewhat,2,2,Somewhat
11119648396,4,Somewhat,4,Somewhat,2,Yes
11119559932,Yes,4,Somewhat,Yes,Somewhat,Yes
11119509989,Yes,Somewhat,4,4,Somewhat,4
11119498190,Somewhat,Somewhat,Somewhat,Yes,Somewhat,Yes
11119343012,4,4,Somewhat,Somewhat,Somewhat,4
11119289452,Yes,4,Yes,4,Yes,Yes
11119271603,4,4,Somewhat,Yes,4,Yes
11119215442,Somewhat,Somewhat,Somewhat,2,2,
11119209931,Yes,4,Yes,4,Somewhat,Yes
11119204970,Yes,Yes,4,4,Somewhat,Yes
11119189278,Somewhat,Somewhat,2,2,Somewhat,Somewhat
11119182462,Somewhat,2,2,2,,Somewhat
11119179933,Yes,Yes,Yes,Yes,Somewhat,Yes
11119107609,Yes,4,4,Yes,4,Yes
11119049967,Somewhat,No,2,2,2,Somewhat
11119010835,Somewhat,Somewhat,Somewhat,Somewhat,Somewhat,Somewhat
11118954293,4,4,4,Somewhat,Somewhat,4
11118950061,4,4,Somewhat,Somewhat,4,4
11118932608,4,Somewhat,Somewhat,4,4,4
11118894730,Somewhat,Somewhat,No,4,2,4
11118842565,Somewhat,Somewhat,Somewhat,Somewhat,Somewhat,Somewhat
11118830744,Somewhat,Somewhat,No,Somewhat,Somewhat,4
11118804913,4,Somewhat,2,4,4,4
11118803029,Somewhat,Yes,Yes,Yes,Somewhat,Yes
11118800781,Somewhat,2,2,4,2,2
11118788504,4,Somewhat,Somewhat,Somewhat,Somewhat,Yes
11118709434,4,Somewhat,4,2,No,Somewhat
11118399737,4,2,Somewhat,Somewhat,4,No
11117616151,Yes,Yes,Yes,Yes,Yes,Yes
11117411846,4,Somewhat,2,4,Somewhat,Yes
11117275062,Yes,4,Somewhat,4,4,Somewhat
11117233327,4,Somewhat,4,4,Somewhat,Yes
11117197373,Somewhat,Somewhat,No,No,No,4
11117121456,Yes,Yes,Yes,Yes,Somewhat,Yes
11116925653,4,Somewhat,Somewhat,4,2,4
11116924227,Yes,Somewhat,Somewhat,Somewhat,Somewhat,Somewhat
11116813102,4,Somewhat,Somewhat,Somewhat,No,Somewhat
11116795862,2,No,Somewhat,No,No,Somewhat
11116788309,,,,,,
11116776059,Somewhat,4,2,2,2,Somewhat
11116772381,,,,,,
11116771726,4,Somewhat,Somewhat,4,4,Yes
11116768354,4,Somewhat,Somewhat,Somewhat,2,Yes
11116759619,4,Somewhat,Somewhat,4,Somewhat,Somewhat
11116745208,4,Somewhat,2,4,Somewhat,4
11116729193,4,4,4,4,Somewhat,4
11116713096,2,No,No,Somewhat,Somewhat,Yes
11116619679,4,4,Somewhat,4,Yes,4
11116593574,Somewhat,Somewhat,Somewhat,Somewhat,2,Yes
11116544649,4,4,Somewhat,Somewhat,2,4
11116481652,Somewhat,Somewhat,Somewhat,Somewhat,2,2
11116422475,Somewhat,Somewhat,No,2,4,2
11116421816,Somewhat,Somewhat,Somewhat,2,2,Somewhat
11116370205,4,Somewhat,Somewhat,Somewhat,4,4
11116261907,4,Somewhat,Somewhat,Somewhat,2,Yes
11116105968,4,Somewhat,4,Somewhat,Somewhat,Somewhat
11115955822,Somewhat,Somewhat,Somewhat,Somewhat,2,Somewhat
11115949717,Yes,4,4,Yes,4,Yes
11115752012,Yes,4,Somewhat,4,Somewhat,4
11115735738,4,Somewhat,Somewhat,Somewhat,2,4
11115729508,Yes,Yes,Somewhat,Yes,Somewhat,Yes
11115682638,4,Somewhat,Somewhat,4,Somewhat,Somewhat
11115669651,Yes,Yes,No,Yes,Yes,Yes
11115567930,Somewhat,Somewhat,Somewhat,Somewhat,Somewhat,Somewhat
11115536608,,,,,,
11115486267,4,Somewhat,Somewhat,4,4,4
11115439722,Yes,4,4,4,2,Yes
11115370513,No,No,2,Somewhat,2,Somewhat
11115340578,4,4,Somewhat,4,2,4
11115332790,4,4,2,Somewhat,2,Somewhat
11115300587,Somewhat,Somewhat,No,Somewhat,2,Somewhat
11115254272,Yes,4,Yes,Somewhat,4,Yes
11115230842,Somewhat,Somewhat,Somewhat,Somewhat,Somewhat,Somewhat
11115193467,Somewhat,Somewhat,Somewhat,2,No,4
11115066582,,,,,,
11115050911,4,Somewhat,No,Somewhat,No,Somewhat
11115045082,Yes,Yes,Somewhat,No,Yes,Yes
11115025839,4,Somewhat,Somewhat,4,Somewhat,Somewhat
11114678691,Somewhat,Somewhat,Somewhat,Yes,Somewhat,4
11114605368,2,No,No,2,No,4
11114462314,Somewhat,Somewhat,2,Yes,No,Yes
11114429192,Somewhat,Somewhat,Somewhat,Somewhat,No,Somewhat
11114412473,4,4,Somewhat,Somewhat,Somewhat,Somewhat
11114367453,Somewhat,Somewhat,Somewhat,Somewhat,Somewhat,Yes
11114353545,Somewhat,Somewhat,2,4,Somewhat,4
11114328622,Yes,Somewhat,2,Somewhat,Somewhat,Yes
11114281395,Somewhat,2,No,2,No,Somewhat
11114279405,Somewhat,Somewhat,Somewhat,Yes,2,Somewhat
11114271139,4,Somewhat,Somewhat,Somewhat,Somewhat,4
11114266186,4,4,4,Somewhat,2,4
11114242599,2,2,No,Somewhat,No,Somewhat
11114095824,Yes,Somewhat,Somewhat,Somewhat,Somewhat,4
11114042329,Yes,Somewhat,Yes,Yes,4,Yes
11114029226,Yes,4,Somewhat,Yes,Somewhat,Yes
11114013802,,,,,,
11113991418,Somewhat,No,No,Somewhat,No,No
11113921709,4,Somewhat,4,Somewhat,Somewhat,4
11113911635,2,No,No,2,No,2
11113810584,4,4,Somewhat,4,4,4
11113637652,Yes,Yes,Yes,Yes,Somewhat,Yes
11113556927,Somewhat,Somewhat,No,Somewhat,No,Somewhat
11113527033,Yes,Yes,4,,4,
11112871762,No,Somewhat,No,2,No,2
11112677808,Somewhat,2,Somewhat,Somewhat,No,No
11112533865,4,Somewhat,2,4,Somewhat,4
11112417093,Yes,4,4,Somewhat,Somewhat,Yes
11112253781,Somewhat,No,No,2,No,2
11111676801,Yes,Yes,Yes,Somewhat,No,Yes
11111198079,Somewhat,2,No,Somewhat,Somewhat,Somewhat
11110981194,2,Somewhat,2,2,2,4
11110973152,4,Somewhat,Somewhat,4,Somewhat,4
11110948818,Yes,4,2,Yes,Somewhat,Yes
11110943299,Somewhat,Somewhat,2,Somewhat,2,4
11110937445,4,4,Somewhat,Yes,No,Yes
11110918206,4,4,4,4,4,4
11110701937,Somewhat,Somewhat,Somewhat,Somewhat,Somewhat,Somewhat
11110666910,Yes,Yes,Yes,Yes,2,Yes
11110625380,4,Somewhat,Somewhat,4,4,4
11110621598,4,4,Somewhat,Somewhat,Somewhat,Somewhat
11110618340,Somewhat,Somewhat,No,Somewhat,2,Somewhat
11110612155,Yes,Yes,Yes,Yes,Yes,Yes
11110611692,4,4,4,Yes,No,Yes
11110603225,Somewhat,4,4,4,Somewhat,4
11110586299,4,4,Somewhat,Somewhat,4,
11110574912,No,Somewhat,No,Somewhat,4,4
11110571624,2,Somewhat,No,Somewhat,2,No
11110491918,Yes,Yes,Yes,Yes,Yes,Yes
11110460119,4,Somewhat,4,4,4,4
11110455369,Somewhat,Somewhat,Somewhat,Somewhat,Somewhat,Somewhat
11110444641,4,Somewhat,Somewhat,4,2,Yes
11110425402,Yes,Somewhat,2,Yes,Yes,Yes
11110419232,4,4,Somewhat,Somewhat,Somewhat,4
11110412819,Somewhat,Somewhat,No,No,No,Yes
11110404906,Somewhat,Somewhat,Somewhat,Yes,Yes,Yes
11110400331,4,4,4,4,4,4
11110398109,Somewhat,Somewhat,No,4,Somewhat,4
11110391351,Somewhat,4,4,Yes,Yes,Yes
11110389513,4,4,4,4,No,4
11110385056,4,4,Somewhat,4,4,4
11110378346,4,4,Somewhat,4,4,Yes
11110360925,Somewhat,Somewhat,2,2,No,2
11110355624,Yes,Yes,Yes,4,4,Yes
11110350088,No,No,No,2,Somewhat,Somewhat
11110337833,Somewhat,Yes,Somewhat,Somewhat,2,2
11110315496,4,Somewhat,Somewhat,Somewhat,Somewhat,4
11110314693,Somewhat,4,,4,2,2
11110298571,Yes,Yes,Somewhat,4,Yes,Yes
11110288238,Somewhat,Somewhat,Yes,4,4,4
11110275590,Somewhat,Somewhat,2,4,Somewhat,4
11110270658,,,,,,
11110252264,Yes,Somewhat,2,Yes,Yes,Yes
11110241747,4,4,Somewhat,Yes,Yes,Yes
11110229501,,2,,Somewhat,2,4
11110219602,4,4,4,4,Somewhat,4
11110183899,Somewhat,4,Yes,Yes,Yes,Yes
11110171884,Yes,Yes,4,4,4,4
11110159024,4,4,Somewhat,4,Somewhat,4
11109221669,4,4,Somewhat,Somewhat,2,Somewhat
11109079615,Somewhat,Somewhat,Somewhat,2,2,2
11108887200,Somewhat,Somewhat,Somewhat,2,2,2
11108835574,Somewhat,Somewhat,4,Yes,Somewhat,Yes
11108428099,4,Somewhat,Somewhat,2,2,4
11108061724,Yes,Yes,Yes,Yes,Yes,Yes
11108019811,,,,,,
11107712672,,,,,,
11107537628,4,Somewhat,Somewhat,Somewhat,Somewhat,4
11107500544,Somewhat,Somewhat,Somewhat,Somewhat,Somewhat,4
11107423044,Somewhat,Somewhat,Somewhat,4,Somewhat,Somewhat
11105126060,2,No,2,Somewhat,No,No
11104818860,Somewhat,Somewhat,Somewhat,Yes,No,Yes
11104785855,4,Somewhat,Somewhat,4,2,Somewhat
11104720324,,,,,,
11104713519,Yes,Yes,Yes,Yes,Yes,Yes
11104400961,Yes,4,Somewhat,Somewhat,4,Yes
11104346556,Yes,4,4,Yes,No,Somewhat
11104339895,Somewhat,Somewhat,Somewhat,Somewhat,Somewhat,Somewhat
11104237451,4,Somewhat,4,Somewhat,Somewhat,4
11104219068,4,Somewhat,4,Somewhat,Somewhat,Somewhat
11104011162,4,4,4,4,4,4
11102466994,4,Somewhat,Somewhat,Somewhat,2,4
11102466724,,,,,,
11102434313,4,4,4,4,Somewhat,Somewhat
11102325647,Somewhat,2,No,2,2,2
11102276269,Yes,4,Somewhat,,4,4
11102244388,4,4,Somewhat,Somewhat,4,4
11102151336,Somewhat,Somewhat,Yes,Somewhat,No,Somewhat
11102143346,4,2,Yes,Somewhat,4,Somewhat
11102107869,4,Somewhat,Somewhat,4,Yes,Yes
11102100247,Somewhat,Somewhat,Somewhat,Somewhat,Somewhat,Somewhat
11102082237,Somewhat,4,4,Somewhat,Somewhat,Yes
11102065324,4,4,4,4,4,4
11102056462,Yes,4,Somewhat,Yes,2,Yes
11102048481,4,4,4,Somewhat,Somewhat,Yes
11102040776,4,4,4,Somewhat,Somewhat,4
11101855652,2,No,No,Somewhat,Somewhat,Somewhat
11101838383,4,4,4,4,Somewhat,4
11101804749,4,Somewhat,Somewhat,Yes,4,4
11101798549,Yes,Somewhat,Somewhat,Yes,Yes,Yes
11101785276,Somewhat,Somewhat,2,4,No,No
11101784122,4,Somewhat,Somewhat,2,2,4
11101739923,Yes,4,Yes,Yes,4,Yes
11101689856,Somewhat,Somewhat,2,Somewhat,2,Somewhat
11101632162,Somewhat,Somewhat,2,Somewhat,No,Yes
11101624453,Somewhat,4,2,Somewhat,2,4
11101612395,Somewhat,4,4,Yes,4,Yes
11101367995,4,Somewhat,Somewhat,Somewhat,2,Yes
11101302154,4,4,2,Somewhat,No,Yes
11101191126,Somewhat,Somewhat,Somewhat,Somewhat,Somewhat,Somewhat
11101136416,4,4,4,Somewhat,2,Yes
11101127275,4,Somewhat,Somewhat,4,4,4
11101116884,4,Somewhat,4,4,4,4
11101096270,4,4,4,4,Somewhat,Yes
11101086267,Yes,Yes,Yes,4,Somewhat,Yes
11101084010,Yes,4,4,Yes,4,Yes
11101077356,No,Somewhat,No,2,No,No
11101069939,Somewhat,2,Somewhat,Somewhat,2,2
11101061594,Yes,Somewhat,4,4,No,4
11100878408,Somewhat,Somewhat,Somewhat,Somewhat,2,Somewhat
11099422949,4,4,Somewhat,4,Somewhat,4
11099413239,2,Somewhat,Somewhat,Somewhat,No,Somewhat
11099404994,Yes,Yes,4,Somewhat,Somewhat,Yes
11099402041,Yes,4,4,Yes,Yes,Yes
11099390340,Somewhat,Somewhat,No,Somewhat,No,Somewhat
11099382423,4,Somewhat,2,,No,4
11099374892,4,Somewhat,Somewhat,Yes,4,Somewhat
11099281879,Yes,Yes,Somewhat,Somewhat,Somewhat,Yes
11099264739,Somewhat,Somewhat,4,No,No,No
11099253577,Yes,Yes,Yes,Somewhat,Somewhat,Yes
11099112454,2,2,2,Somewhat,No,No
11098763900,Yes,4,4,Yes,4,4
11098658430,Somewhat,Somewhat,Somewhat,No,No,Somewhat
11098489263,,,,,,
11098041921,Yes,Yes,4,Somewhat,Somewhat,Yes
11097954232,4,4,Somewhat,Somewhat,2,Somewhat
11097070634,Somewhat,No,No,No,No,Yes
11096825795,Somewhat,2,2,2,4,2
11095985800,4,Somewhat,2,Somewhat,2,Yes
11095768072,Somewhat,2,No,Somewhat,No,2
11095716349,Somewhat,Somewhat,Somewhat,Somewhat,2,Somewhat
11095520990,Somewhat,Somewhat,Somewhat,4,Somewhat,4
11094680315,No,No,No,No,No,2
11094662841,Somewhat,Somewhat,2,2,No,Yes
11094510771,Somewhat,Somewhat,2,Somewhat,2,2
11094155594,Somewhat,Somewhat,4,Somewhat,No,4
11093921002,Somewhat,Somewhat,Somewhat,Somewhat,Somewhat,Somewhat
11093843703,4,Somewhat,Somewhat,4,4,4
11093678186,4,Somewhat,2,Somewhat,2,Somewhat
11093632526,4,4,4,4,4,4
11093457011,Yes,4,Yes,Yes,Somewhat,Yes
11093147355,Yes,Yes,4,Yes,Somewhat,Yes
11093145563,Somewhat,Yes,4,Somewhat,Yes,Yes
11093052831,Yes,4,Yes,Yes,Yes,Yes
11093035061,Yes,4,Yes,Yes,Somewhat,Yes
11092933138,No,2,Somewhat,Somewhat,2,Somewhat
11092334467,Somewhat,4,Somewhat,4,Somewhat,Somewhat
11091488082,4,Somewhat,Somewhat,2,Somewhat,Somewhat
11091437803,Yes,Yes,Yes,Yes,No,Yes
11091203335,Yes,Yes,Yes,Somewhat,Somewhat,Yes
11091173612,4,4,Somewhat,4,2,Yes
11091129006,4,4,Somewhat,Somewhat,Somewhat,Yes
11091121161,Somewhat,4,No,4,No,4
11091090734,4,4,Somewhat,4,Somewhat,4
11091078423,4,Somewhat,4,Somewhat,Somewhat,Yes
11090982851,Somewhat,Somewhat,2,Somewhat,Yes,Yes
11090816132,4,Somewhat,Somewhat,4,Somewhat,Yes
11090807748,4,4,4,Somewhat,2,4
11090788335,,,,,,
11090781587,Somewhat,Somewhat,Somewhat,Somewhat,No,Yes
11090751355,Somewhat,Somewhat,2,Somewhat,2,Somewhat
11090723740,2,Somewhat,Somewhat,2,2,4
11090681960,4,4,Somewhat,Somewhat,No,4
11090676720,,,,,,
11090676567,4,Somewhat,2,Somewhat,2,Somewhat
11090671459,,,,,,
11090663906,Somewhat,Somewhat,Somewhat,2,Somewhat,
11090602507,4,Somewhat,2,4,4,4
11090575831,4,Somewhat,Somewhat,Somewhat,No,2
11090453021,4,Somewhat,2,4,Somewhat,Yes
11090438919,Somewhat,Somewhat,Somewhat,2,2,Somewhat
11090428581,Somewhat,Somewhat,Somewhat,Somewhat,No,Yes
11090390595,4,Somewhat,2,4,No,4
11090380676,Yes,4,4,Yes,4,4
11090378197,2,No,No,2,No,2
11090364488,Somewhat,Somewhat,2,Somewhat,,2
11090329265,Somewhat,Somewhat,Somewhat,4,2,4
11090327319,No,No,No,No,No,Somewhat
11090301066,Somewhat,Somewhat,4,Somewhat,No,4
11090288915,Yes,4,4,4,Somewhat,4
11090243700,2,No,No,No,No,No
11090235765,Yes,Yes,Somewhat,Yes,4,Somewhat
11090234171,4,4,Somewhat,Somewhat,2,Somewhat
11090220983,Somewhat,No,2,No,No,4
11090218854,Somewhat,4,Somewhat,Somewhat,No,Somewhat
11090207281,4,Somewhat,Somewhat,4,Somewhat,Somewhat
11090206542,4,Somewhat,4,4,2,Somewhat
11090194688,Somewhat,Somewhat,Yes,Somewhat,No,No
11090193552,4,Somewhat,Somewhat,Somewhat,4,Yes
11090189281,Somewhat,Somewhat,No,2,2,Yes
11090175564,Yes,4,4,Yes,4,Yes
11090174775,Somewhat,Somewhat,Somewhat,4,Somewhat,Somewhat
11090131827,4,Somewhat,Somewhat,4,2,4
11090130887,,,,,,
11090121831,Somewhat,Somewhat,Somewhat,Yes,2,4
11089840696,4,4,4,4,2,4
11089384908,4,Somewhat,2,2,No,Somewhat
11089338487,4,4,Yes,4,Somewhat,4
11089055993,4,4,Somewhat,4,4,Yes
11089031545,No,No,No,Somewhat,No,No
11089018119,4,Somewhat,No,Somewhat,2,4
11089003601,Yes,4,Somewhat,Somewhat,Somewhat,Yes
11088182689,Yes,4,Yes,Yes,2,Yes
11088094453,No,No,No,No,Somewhat,Yes
11088090419,4,Somewhat,4,2,Somewhat,4
11088009755,Somewhat,Somewhat,No,Somewhat,No,Somewhat
11087991038,Yes,4,4,Somewhat,Somewhat,4
11087918037,4,Somewhat,4,Somewhat,Somewhat,Somewhat
11087892471,Yes,4,4,Yes,Somewhat,Yes
11087858416,Yes,Yes,Yes,Yes,Somewhat,Yes
11087769256,Somewhat,2,2,2,No,Somewhat
11087711478,4,4,Somewhat,Somewhat,No,Somewhat
11087667727,No,No,No,No,No,No
11087465364,2,2,,No,No,4
11087333405,Somewhat,Somewhat,4,2,Somewhat,Yes
11087273902,Yes,4,4,Yes,Yes,Yes
11087252118,Yes,Somewhat,4,Somewhat,No,4
11087245988,Yes,Yes,Somewhat,4,4,4
11087240584,4,Somewhat,Somewhat,Somewhat,4,Somewhat
11087237315,Somewhat,Somewhat,No,Somewhat,Somewhat,Somewhat
11087230038,4,4,4,Yes,Somewhat,Yes
11087229869,Somewhat,Somewhat,2,Somewhat,Somewhat,4
11087193234,No,No,No,No,No,No
11087184864,No,No,No,No,No,No
11087157847,4,Somewhat,Yes,Yes,Somewhat,4
11087103841,Yes,Somewhat,2,Yes,4,Yes
11087071740,4,4,Somewhat,2,2,Yes
11087002104,4,4,4,4,4,4
11086998024,Somewhat,Somewhat,No,Somewhat,No,Somewhat
11086990023,4,4,Somewhat,4,Somewhat,4
11086969361,4,4,4,Yes,Yes,Yes
11086953791,2,2,No,Somewhat,Somewhat,4
11086947970,2,2,Somewhat,Somewhat,Somewhat,Somewhat
11086944126,Somewhat,2,2,Somewhat,Somewhat,Somewhat
11086939779,Yes,Yes,Somewhat,Somewhat,4,4
11086931248,Yes,Yes,Somewhat,No,Yes,Yes
11086928645,4,4,4,4,4,4
11086927820,4,4,4,4,4,4
11086919546,Somewhat,2,Somewhat,Somewhat,No,Yes
11086890984,4,4,4,4,Somewhat,Yes
11086829136,Somewhat,Somewhat,2,Somewhat,Somewhat,Yes
11086822788,Yes,Somewhat,Somewhat,Somewhat,Somewhat,Yes
11086693060,Yes,Somewhat,Somewhat,Somewhat,Somewhat,Yes
11086054898,Somewhat,Somewhat,Yes,Somewhat,No,Somewhat
11085907430,Somewhat,No,Somewhat,Somewhat,No,Yes
11085872334,4,Somewhat,Somewhat,2,2,4
11085813255,Yes,4,Yes,Yes,4,Yes
11085688711,Somewhat,Somewhat,2,Somewhat,2,2
11085591910,Somewhat,Somewhat,2,Somewhat,Somewhat,4
11085275901,Somewhat,Somewhat,Somewhat,Somewhat,Somewhat,Somewhat
11085142441,Yes,Yes,Yes,Yes,Yes,Yes
11085138144,4,2,No,Somewhat,No,Somewhat
11085114502,4,Somewhat,2,Somewhat,2,Somewhat
11085024644,4,Somewhat,2,Yes,2,4
11084960321,No,No,Somewhat,4,No,4
11084907548,4,Somewhat,Somewhat,Somewhat,Somewhat,Somewhat
11084813068,4,Somewhat,4,Somewhat,Somewhat,4
11084774440,4,4,Somewhat,4,No,2
11084731104,4,4,Somewhat,4,Somewhat,4
11084726180,Somewhat,Somewhat,Somewhat,Somewhat,Somewhat,Somewhat
11084718656,4,Somewhat,4,4,4,4
11084667095,Somewhat,Somewhat,2,Somewhat,2,2
11084579089,Somewhat,Somewhat,2,Somewhat,No,Somewhat
11084565986,Somewhat,Somewhat,2,Somewhat,2,2
11084498922,Somewhat,Somewhat,2,Somewhat,,No
11084486435,No,No,No,No,No,No
11084480301,4,Somewhat,2,Somewhat,Somewhat,4
11084422063,Somewhat,4,Somewhat,2,Somewhat,Somewhat
11084409011,4,Somewhat,Somewhat,4,2,Yes
11084361739,4,Somewhat,Somewhat,4,Somewhat,Somewhat
11084358825,Yes,4,4,2,Somewhat,Yes
11084306979,4,Somewhat,Somewhat,2,Somewhat,Yes
11084290400,Yes,Yes,4,Yes,4,Yes
11084269493,,,,,,
11084240138,4,4,4,4,2,Somewhat
11084187318,4,Somewhat,2,2,Somewhat,Somewhat
11084162103,Yes,4,4,Somewhat,4,4
11084161845,Yes,Somewhat,Somewhat,4,4,4
11084159241,Somewhat,Somewhat,2,Somewhat,Somewhat,Yes
11084154595,4,Somewhat,2,Yes,4,Yes
11084095189,4,Somewhat,Somewhat,Yes,2,4
11084080812,Yes,4,4,Somewhat,Somewhat,Yes
11084073213,4,Somewhat,4,Somewhat,2,Yes
11084066639,4,4,Somewhat,4,Somewhat,4
11084064853,4,Somewhat,Somewhat,4,Somewhat,4
11084041845,Somewhat,Somewhat,No,2,No,Yes
11084021491,Somewhat,Somewhat,Somewhat,Somewhat,Somewhat,4
11084008273,4,4,Yes,4,Somewhat,4
11083976562,Somewhat,Somewhat,Somewhat,Somewhat,4,Somewhat
11083882762,Somewhat,Somewhat,Somewhat,4,No,Yes
11083827159,No,,No,No,No,
11083792776,4,Somewhat,No,Somewhat,Somewhat,No
11083688138,4,4,4,4,4,4
11083649534,4,Yes,4,Somewhat,2,Yes
11083615693,Yes,4,4,Yes,Somewhat,Yes
11083527575,4,4,Somewhat,Somewhat,Somewhat,Somewhat
11083503086,Somewhat,Somewhat,No,,No,Somewhat
11083422005,Somewhat,Somewhat,Somewhat,2,Somewhat,Somewhat
11083404331,Yes,4,Yes,Yes,Yes,Yes
11083390826,Somewhat,Somewhat,No,2,No,Yes
11083367979,Somewhat,Somewhat,No,No,No,4
11082638498,Yes,4,Somewhat,Yes,4,Yes
11082515629,Yes,Yes,4,4,Somewhat,Yes
11082457969,4,Somewhat,4,Yes,4,Yes
11082159603,,,,,,
11082077947,4,Somewhat,4,Somewhat,4,4
11082031486,Yes,Somewhat,Somewhat,Somewhat,Somewhat,Somewhat
11082027116,Yes,4,4,Somewhat,Somewhat,4
11082018220,Yes,4,4,No,Somewhat,No
11081778820,Yes,Somewhat,Somewhat,Somewhat,Somewhat,4
11081746847,4,Somewhat,No,Somewhat,No,Yes
11081708089,2,Somewhat,No,Somewhat,No,Somewhat
11081646809,Somewhat,Somewhat,Somewhat,2,No,Somewhat
11081640020,4,Somewhat,4,2,2,4
11081468695,4,Somewhat,Somewhat,4,2,4
11081454059,Yes,Yes,Yes,Yes,Yes,Yes
11081429948,Somewhat,Somewhat,2,2,No,Somewhat
11081401000,Yes,Somewhat,Somewhat,Yes,4,Somewhat
11081392294,Somewhat,Somewhat,No,2,2,Somewhat
11081324505,4,4,4,Yes,4,4
11081299218,4,Somewhat,4,4,Somewhat,4
11081270284,Somewhat,Somewhat,2,2,No,2
11081253922,Yes,Somewhat,Somewhat,Somewhat,No,Somewhat
11081242351,4,Somewhat,2,No,Somewhat,2
11081228364,4,4,4,4,4,4
11081182369,2,2,2,2,No,2
11081181200,Somewhat,Somewhat,Somewhat,4,2,Yes
11081160367,2,2,2,2,2,Somewhat
11081159631,4,Somewhat,4,4,No,Somewhat
11081140875,4,4,4,4,Somewhat,4
11081127050,Yes,Yes,4,Yes,4,Yes
