RespondID,HealthCareSource,Other
11175384095,Family Doctor,
11175370740,Other (please specify),"Family doctor, walk-in clinic"
11175295204,Family Doctor,
11175288158,Family Doctor,
11175277587,Free Clinic (Virginia B. Andes/Englewood),
11175267972,Veteran's Administration (VA),
11175258600,,
11175250062,Walk-In Clinic,
11175236349,Clinic (Family Health Centers of SW Florida),
11175229187,Family Doctor,
11175219611,Family Doctor,
11175199664,Family Doctor,
11175189002,Family Doctor,
11175176277,Other (please specify),Florida Cancer Center
11175164765,Walk-In Clinic,
11175139037,Veteran's Administration (VA),
11175128915,Family Doctor,
11175115405,Free Clinic (Virginia B. Andes/Englewood),
11175104609,Family Doctor,
11175092364,Family Doctor,
11173249386,Family Doctor,
11173235540,Family Doctor,
11173223016,Family Doctor,
11173209838,Family Doctor,
11173198394,Clinic (Family Health Centers of SW Florida),
11173190326,Family Doctor,
11173055944,Walk-In Clinic,
11173042890,Family Doctor,
11173026214,Family Doctor,
11172966525,Walk-In Clinic,
11172938467,Family Doctor,
11172872881,Family Doctor,
11172803317,Family Doctor,
11172753320,Family Doctor,
11172746603,Family Doctor,
11172363102,Family Doctor,
11172347091,Walk-In Clinic,
11172335569,Walk-In Clinic,
11172303812,Clinic (Family Health Centers of SW Florida),
11172278963,Other (please specify),"family, clinic, free clinic, hospital, out of county, health department"
11172197756,Family Doctor,
11172186318,Family Doctor,
11172167471,Family Doctor,
11172149313,Family Doctor,
11172120974,Walk-In Clinic,
11172062754,Other (please specify),don't receive healthcare
11172052079,Free Clinic (Virginia B. Andes/Englewood),
11172044998,Family Doctor,
11172041700,Family Doctor,
11172034736,Other (please specify),Family Doctor and Hospital/ER
11172010683,Out of County,
11172000928,,
11171936973,Other (please specify),"Hospital, health department"
11171889102,Walk-In Clinic,
11171775862,Family Doctor,
11171744820,Family Doctor,
11171441943,Family Doctor,
11170555556,Family Doctor,
11170551553,Other (please specify),school clinic
11170547753,,
11170544349,Family Doctor,
11170540159,Clinic (Family Health Centers of SW Florida),
11170534414,Family Doctor,
11170529752,Family Doctor,
11170526913,Veteran's Administration (VA),
11170522659,Clinic (Family Health Centers of SW Florida),
11170517469,Family Doctor,
11170513329,,
11170508863,Family Doctor,
11170505170,Veteran's Administration (VA),
11170501657,I Don't Know,
11170497462,Hospital/Emergency Room,
11170493685,Family Doctor,
11170489392,Free Clinic (Virginia B. Andes/Englewood),
11170485561,Veteran's Administration (VA),
11170480662,Family Doctor,
11170475594,Free Clinic (Virginia B. Andes/Englewood),
11170465902,Hospital/Emergency Room,
11170410525,Veteran's Administration (VA),
11170406398,Clinic (Family Health Centers of SW Florida),
11170402172,Clinic (Family Health Centers of SW Florida),
11170390467,Clinic (Family Health Centers of SW Florida),
11170388316,Family Doctor,
11170385868,Veteran's Administration (VA),
11170384038,Family Doctor,
11170380065,Family Doctor,
11170379842,Walk-In Clinic,
11170376460,Family Doctor,
11170375759,Clinic (Family Health Centers of SW Florida),
11170373594,Family Doctor,
11170371268,Family Doctor,
11170370535,Family Doctor,
11170366506,Clinic (Family Health Centers of SW Florida),
11170365613,Other (please specify),employee clinic
11170361669,Veteran's Administration (VA),
11170361070,Family Doctor,
11170357712,Health Department,
11170352706,Family Doctor,
11170278322,Hospital/Emergency Room,
11170270798,Clinic (Family Health Centers of SW Florida),
11170267342,I Don't Know,
11170264318,Other (please specify),Virginia B. Andes
11170261154,Clinic (Family Health Centers of SW Florida),
11170258172,Family Doctor,
11170253587,I Don't Know,
11170249369,Family Doctor,
11170244763,Free Clinic (Virginia B. Andes/Englewood),
11170241090,Other (please specify),just moved from wv
11170236173,Veteran's Administration (VA),
11170233091,Family Doctor,
11170229339,Family Doctor,
11170223351,Out of County,
11170219778,Clinic (Family Health Centers of SW Florida),
11170214711,Hospital/Emergency Room,
11170210539,Other (please specify),No insurance. It's too expensive. Dental is impossible to get at a good price.
11170075695,Family Doctor,
11170074780,Family Doctor,
11170073523,Family Doctor,
11170072348,Family Doctor,
11170071797,Family Doctor,
11170067881,Family Doctor,
11170047634,Veteran's Administration (VA),
11170042390,Walk-In Clinic,
11170036459,Family Doctor,
11170029101,Family Doctor,
11170022747,Family Doctor,
11170017835,Family Doctor,
11169999380,Family Doctor,
11169996472,Family Doctor,
11169993736,Other (please specify),"Family doctor, walk-in clinic, hospital, VA"
11169989985,Family Doctor,
11169986596,Family Doctor,
11169984164,Family Doctor,
11169981309,Family Doctor,
11169974644,Family Doctor,
11169972106,Family Doctor,
11169969037,Family Doctor,
11169966175,Family Doctor,
11169962352,Other (please specify),"Family doctor, walk-in clinic, VA"
11169956552,Other (please specify),Clinic and VA
11169764917,Family Doctor,
11169759192,Family Doctor,
11169753627,Family Doctor,
11169428242,Family Doctor,
11169397573,Clinic (Family Health Centers of SW Florida),
11169202582,Family Doctor,
11169199030,,
11169196712,Clinic (Family Health Centers of SW Florida),
11169193594,Other (please specify),n/a
11169190060,Walk-In Clinic,
11169187907,Other (please specify),N/A
11169186487,Veteran's Administration (VA),
11169183293,Family Doctor,
11169175856,Family Doctor,
11169174387,Family Doctor,
11169173937,Family Doctor,
11169172317,Family Doctor,
11169171337,Family Doctor,
11169170078,Other (please specify),"family doctor, out of county"
11169166971,Family Doctor,
11169165292,Other (please specify),"family doctor, clinic, walk-in clinic, hospital"
11169163908,Family Doctor,
11169162335,Other (please specify),"Family doctor, walk-in clinic"
11169161039,Clinic (Family Health Centers of SW Florida),
11169159588,Family Doctor,
11169158203,Family Doctor,
11169157600,Health Department,
11169156152,Family Doctor,
11169154802,Clinic (Family Health Centers of SW Florida),
11169153963,Family Doctor,
11169152282,I Don't Know,
11169151581,Family Doctor,
11169150978,Family Doctor,
11169148965,Family Doctor,
11169146608,Other (please specify),"family doctor, clinic"
11169144330,Health Department,
11169143766,Family Doctor,
11169143497,Other (please specify),Family Doctor and Hospital/ER
11169138263,Walk-In Clinic,
11169136558,Family Doctor,
11169135569,Other (please specify),County Employee Clinic
11169133857,Other (please specify),none
11169133183,Family Doctor,
11169133084,Family Doctor,
11169129614,Hospital/Emergency Room,
11169129353,Family Doctor,
11169129336,I Don't Know,
11169125217,Family Doctor,
11169122591,Clinic (Family Health Centers of SW Florida),
11169118008,Walk-In Clinic,
11169117451,Veteran's Administration (VA),
11169115321,Free Clinic (Virginia B. Andes/Englewood),
11169112661,Family Doctor,
11169112395,Hospital/Emergency Room,
11169110225,Family Doctor,
11169107368,Other (please specify),Clinic and Free Clinic
11169105275,Other (please specify),"family doctor, chiropractor/acupuncture/meditation"
11169101025,Other (please specify),County health clinic
11169098619,Family Doctor,
11169096282,Family Doctor,
11169091552,Family Doctor,
11169088964,I Don't Know,
11169084262,Other (please specify),"free clinic, out of county"
11169080289,Health Department,
11169078051,Family Doctor,
11169076744,Family Doctor,
11169075073,Family Doctor,
11169061263,,
11169053621,Free Clinic (Virginia B. Andes/Englewood),
11169050480,Family Doctor,
11169047266,Family Doctor,
11169043223,Family Doctor,
11169039671,Veteran's Administration (VA),
11169036708,Veteran's Administration (VA),
11169032638,Family Doctor,
11169027789,Clinic (Family Health Centers of SW Florida),
11169026199,Family Doctor,
11169023793,Other (please specify),No insurance. Low paying jobs in this area. Can't afford it.
11169021445,Family Doctor,
11169019807,Family Doctor,
11169017642,Other (please specify),"Family doctor, walk-in clinic"
11169016622,I Don't Know,
11169014798,Family Doctor,
11169013225,Clinic (Family Health Centers of SW Florida),
11169011413,Family Doctor,
11169009413,Veteran's Administration (VA),
11168987777,Other (please specify),"walk-in clinic, health department"
11168983610,Walk-In Clinic,
11168978050,Clinic (Family Health Centers of SW Florida),
11168974990,Family Doctor,
11168972050,Other (please specify),"Hospital, health department"
11168967764,Other (please specify),Family Doctor and Hospital/ER
11168965065,Family Doctor,
11168962007,Other (please specify),"family doctor, walk-in clinic"
11168957322,Veteran's Administration (VA),
11168953748,Free Clinic (Virginia B. Andes/Englewood),
11168948564,Walk-In Clinic,
11168945581,Clinic (Family Health Centers of SW Florida),
11168942824,Hospital/Emergency Room,
11168940274,Free Clinic (Virginia B. Andes/Englewood),
11168937866,Other (please specify),"family doctor, walk-in clinic, hospital, health department"
11168935261,Other (please specify),"family doctor, walk-in clinic, hospital, VA, health department"
11168932016,Other (please specify),"family doctor, hospital, VA"
11168788711,I Don't Know,
11168783767,Walk-In Clinic,
11168778770,Family Doctor,
11168760288,Hospital/Emergency Room,
11168753097,Walk-In Clinic,
11168748328,Health Department,
11168741905,Family Doctor,
11168735906,Family Doctor,
11168733906,Other (please specify),"family doctor, clinic, walk-in clinic"
11168729577,Family Doctor,
11168728711,Out of County,
11168726759,Family Doctor,
11168723278,Health Department,
11168718852,Family Doctor,
11168716255,Family Doctor,
11168712393,Other (please specify),Family Doctor and Hospital/ER
11168710897,Veteran's Administration (VA),
11168707645,Veteran's Administration (VA),
11168699973,,
11168699946,Free Clinic (Virginia B. Andes/Englewood),
11168696658,Family Doctor,
11168694316,Free Clinic (Virginia B. Andes/Englewood),
11168691332,Family Doctor,
11168684025,Other (please specify),Family Doctor and Hospital/ER
11168682452,Other (please specify),Veteran's Administration
11168680256,Other (please specify),"family doctor, walk-in clinic, hospital"
11168674752,,
11168674651,Family Doctor,
11168670412,Other (please specify),"family doctor, clinic"
11168665608,Other (please specify),"family doctor, walk-in clinic, hospital"
11168661093,Walk-In Clinic,
11168657433,Family Doctor,
11168555676,Veteran's Administration (VA),
11168554852,Health Department,
11168545071,Family Doctor,
11168540351,Family Doctor,
11168536382,Family Doctor,
11168525216,Family Doctor,
11168520917,Out of County,
11168520286,Family Doctor,
11168515917,Family Doctor,
11167625375,Other (please specify),Obama
11167431696,Family Doctor,
11167371497,Family Doctor,
11167368685,,
11167363899,Other (please specify),"family doctor, walk-in clinic, hospital"
11167361483,Family Doctor,
11167355328,Other (please specify),Hospital/Emergency Room
11167355078,Health Department,
11167347456,Health Department,
11167340559,Family Doctor,
11167332746,Other (please specify),Family Doctor and Hospital/ER
11167331627,Family Doctor,
11167326695,Health Department,
11167324290,Family Doctor,
11167323591,Hospital/Emergency Room,
11167323157,Family Doctor,
11167320154,Other (please specify),"family doctor, free clinic, walk-in clinic"
11167314128,Family Doctor,
11167313784,Family Doctor,
11167311362,,
11167303084,Family Doctor,
11167295215,,
11167287819,Clinic (Family Health Centers of SW Florida),
11167284362,,
11167280863,Clinic (Family Health Centers of SW Florida),
11167274556,Free Clinic (Virginia B. Andes/Englewood),
11167266176,Family Doctor,
11167261821,Family Doctor,
11167261578,Other (please specify),"walk-in, hospital"
11167255956,Other (please specify),"Clinic, Hospital, and Health Department"
11167249988,Other (please specify),"walk-in, hospital, VA"
11167245164,,
11167241797,,
11167232106,Clinic (Family Health Centers of SW Florida),
11167227383,Family Doctor,
11167227065,Walk-In Clinic,
11167220640,I Don't Know,
11167217319,Walk-In Clinic,
11167212890,Clinic (Family Health Centers of SW Florida),
11167205603,,
11167204119,Walk-In Clinic,
11167201133,Other (please specify),"Clinic, free clinic, hospital"
11167188862,Hospital/Emergency Room,
11167176644,Family Doctor,
11167164714,Family Doctor,
11167151703,Hospital/Emergency Room,
11167130622,I Don't Know,
11167119189,Clinic (Family Health Centers of SW Florida),
11167106075,Family Doctor,
11167099178,Health Department,
11167083032,Family Doctor,
11167068541,Health Department,
11166982689,Family Doctor,
11166274825,Family Doctor,
11166260590,Veteran's Administration (VA),
11166258730,Other (please specify),Through my Disability
11166251179,Family Doctor,
11166241233,Family Doctor,
11166239306,Family Doctor,
11166226128,Family Doctor,
11166224969,Walk-In Clinic,
11166214336,Health Department,
11166209726,Walk-In Clinic,
11166206361,Veteran's Administration (VA),
11166194194,Family Doctor,
11166188312,Veteran's Administration (VA),
11166183367,Clinic (Family Health Centers of SW Florida),
11166167471,Family Doctor,
11166166359,Walk-In Clinic,
11166063300,Family Doctor,
11165669973,Family Doctor,
11165012444,Family Doctor,
11164815511,Walk-In Clinic,
11164812014,Family Doctor,
11164650427,Family Doctor,
11164494487,Walk-In Clinic,
11163939883,Family Doctor,
11163388957,Family Doctor,
11163297153,Family Doctor,
11162819218,Family Doctor,
11162801723,Hospital/Emergency Room,
11162271812,Family Doctor,
11162152745,Family Doctor,
11161432220,Family Doctor,
11160859560,Clinic (Family Health Centers of SW Florida),
11160845455,Free Clinic (Virginia B. Andes/Englewood),
11160839838,Family Doctor,
11160831679,Family Doctor,
11160827427,,
11160822002,Family Doctor,
11160816054,I Don't Know,
11160810539,Hospital/Emergency Room,
11160805278,Hospital/Emergency Room,
11160791306,Health Department,
11160785593,Clinic (Family Health Centers of SW Florida),
11160779076,Out of County,
11160773314,Other (please specify),Clinic and Free Clinic
11160766622,Walk-In Clinic,
11160766172,Family Doctor,
11160761445,Hospital/Emergency Room,
11160753990,Other (please specify),"Hospital, health department"
11160748232,Other (please specify),"family doctor, walk-in clinic, hospital, out of county"
11160740726,Other (please specify),can't afford healthcare
11160734603,Walk-In Clinic,
11160723234,Hospital/Emergency Room,
11160715764,Family Doctor,
11160709152,Walk-In Clinic,
11160702251,Other (please specify),No where - insurance too expensive
11160696530,Other (please specify),"clinic, health department"
11160688201,Other (please specify),"Hospital, health department"
11160682142,Other (please specify),"Clinic, Hospital, and Health Department"
11160671864,Other (please specify),"free clinic, hospital"
11160664703,I Don't Know,
11160657255,Family Doctor,
11160649755,Other (please specify),Family Doctor and Hospital/ER
11160643190,Hospital/Emergency Room,
11160623096,Hospital/Emergency Room,
11160391837,Walk-In Clinic,
11160236580,Other (please specify),"family doctor, clinic, hospital"
11160198624,Hospital/Emergency Room,
11160194782,Clinic (Family Health Centers of SW Florida),
11160192650,Free Clinic (Virginia B. Andes/Englewood),
11160183275,Health Department,
11160183107,Other (please specify),"free clinic, hosptial"
11160176796,Other (please specify),"clinic, free clinic, hospital, VA, health department"
11160175349,Clinic (Family Health Centers of SW Florida),
11160167278,Clinic (Family Health Centers of SW Florida),
11160166822,Other (please specify),"clinic, walk-in clinic, health department"
11160158525,Hospital/Emergency Room,
11160156592,Other (please specify),"health department, need more free healthcare and dental for homeless"
11160150713,,
11160145292,Free Clinic (Virginia B. Andes/Englewood),
11160140163,Clinic (Family Health Centers of SW Florida),
11160133375,Other (please specify),"clinic, health department"
11160114124,Other (please specify),"family doctor, health department"
11160087778,Clinic (Family Health Centers of SW Florida),
11160081544,Hospital/Emergency Room,
11160072417,Clinic (Family Health Centers of SW Florida),
11160058432,Other (please specify),"free clinic, hosptial"
11160050229,Other (please specify),"clinic, walk-in clinic, hospital, health department"
11160032419,Other (please specify),"family doctor, walk-in clinic, hospital"
11160024805,Other (please specify),"family doctor, walk-in clinic, hospital"
11160016253,Other (please specify),"walk-in, hospital, health department"
11160007197,Hospital/Emergency Room,
11160001373,Hospital/Emergency Room,
11159993452,Hospital/Emergency Room,
11159983528,Other (please specify),"clinic, health department"
11159969440,,
11159945746,Family Doctor,
11159915169,Walk-In Clinic,
11159874639,Other (please specify),I can't afford the healthcare I need
11159833224,Family Doctor,
11159580546,Walk-In Clinic,
11159545783,Family Doctor,
11159453494,Family Doctor,
11159150368,I Don't Know,
11158603756,Clinic (Family Health Centers of SW Florida),
11158344605,Family Doctor,
11158124724,Other (please specify),no
11158114694,Family Doctor,
11158093972,Health Department,
11158066008,,
11158051821,Family Doctor,
11158050713,Clinic (Family Health Centers of SW Florida),
11158044531,Other (please specify),Radr.
11158030580,Family Doctor,
11158029931,Free Clinic (Virginia B. Andes/Englewood),
11158017301,I Don't Know,
11158012615,Family Doctor,
11158001994,Walk-In Clinic,
11157998657,Free Clinic (Virginia B. Andes/Englewood),
11157992334,Family Doctor,
11157984902,I Don't Know,
11157982800,Hospital/Emergency Room,
11157973953,Family Doctor,
11157960875,Out of County,
11157958204,Other (please specify),county clinic
11157946891,Family Doctor,
11157929114,Clinic (Family Health Centers of SW Florida),
11157907426,,
11157896675,Family Doctor,
11157895116,Hospital/Emergency Room,
11157757028,Clinic (Family Health Centers of SW Florida),
11157515766,Walk-In Clinic,
11157439953,Walk-In Clinic,
11157265408,Family Doctor,
11157108200,Clinic (Family Health Centers of SW Florida),
11157026557,Family Doctor,
11156931095,Family Doctor,
11156888513,Other (please specify),"walk-in, hospital"
11156850466,Hospital/Emergency Room,
11156829742,Clinic (Family Health Centers of SW Florida),
11156806883,Family Doctor,
11156792191,Free Clinic (Virginia B. Andes/Englewood),
11156783723,Hospital/Emergency Room,
11156770507,Hospital/Emergency Room,
11156757930,Other (please specify),"clinic, free clinic, walk-in clinic, hospital"
11156709964,Family Doctor,
11156707039,Hospital/Emergency Room,
11156688923,Other (please specify),Pedatric therapies
11156644663,Walk-In Clinic,
11156634279,Other (please specify),Family Doctor and Hospital/ER
11156566274,Free Clinic (Virginia B. Andes/Englewood),
11156546382,Walk-In Clinic,
11156523841,Out of County,
11156513419,Family Doctor,
11156490234,Free Clinic (Virginia B. Andes/Englewood),
11156465714,Other (please specify),Care Here -  County health center
11156356164,Family Doctor,
11156298433,Family Doctor,
11156206751,Other (please specify),I don't have health insurance
11156141518,Family Doctor,
11154518306,Other (please specify),wellness center through the school district
11154270878,Family Doctor,
11154243190,Other (please specify),"Family doctor, walk-in clinic"
11154230975,I Don't Know,
11154220690,Free Clinic (Virginia B. Andes/Englewood),
11154182451,Other (please specify),"free clinic, hospital, health department"
11154165750,Hospital/Emergency Room,
11154046568,I Don't Know,
11154032699,Hospital/Emergency Room,
11154008556,Other (please specify),"free clinic, health department"
11153960018,Hospital/Emergency Room,
11153935110,Family Doctor,
11153928476,I Don't Know,
11153918810,Other (please specify),"family doctor, clinic, hospital, health department, and Charlotte Behavioral"
11153903113,Other (please specify),"hospital, walk-in"
11153829852,Family Doctor,
11153766917,Other (please specify),"Family doctor, walk-in clinic"
11152954615,Family Doctor,
11152946199,Family Doctor,
11152865758,Family Doctor,
11152852941,Family Doctor,
11152852098,Other (please specify),"family doctor, out of county"
11152789413,Family Doctor,
11152725282,Family Doctor,
11152605929,Family Doctor,
11152424058,Family Doctor,
11150856257,Family Doctor,
11150755946,Walk-In Clinic,
11150513432,Family Doctor,
11150490306,Other (please specify),healthcare? whats that $$$
11150285615,Other (please specify),Liberate physician centers
11149917596,Family Doctor,
11148814111,Other (please specify),Teladoc
11148656975,Family Doctor,
11148417570,Family Doctor,
11148396475,Family Doctor,
11148395089,Clinic (Family Health Centers of SW Florida),
11148393012,Family Doctor,
11148304045,Walk-In Clinic,
11148254681,Family Doctor,
11148199495,Other (please specify),CCPS Employee Wellness Center
11148183587,Walk-In Clinic,
11148043130,Family Doctor,
11148008740,Family Doctor,
11147956480,Family Doctor,
11147949392,Family Doctor,
11147653510,Family Doctor,
11147027664,Other (please specify),My Health On Site
11146999714,Other (please specify),CCPS Marathon Health
11146654275,Family Doctor,
11146422242,Family Doctor,
11145532810,Family Doctor,
11145322476,Family Doctor,
11144852296,Family Doctor,
11144480699,Family Doctor,
11144220820,Family Doctor,
11144127020,Family Doctor,
11143736310,Other (please specify),marathon clinic
11143612405,Hospital/Emergency Room,
11142619722,Family Doctor,
11142100243,Family Doctor,
11142084354,Free Clinic (Virginia B. Andes/Englewood),
11142074304,Other (please specify),"Family doctor, walk-in clinic"
11142065350,Family Doctor,
11142057879,Free Clinic (Virginia B. Andes/Englewood),
11142049048,Other (please specify),No insurance=no doctor
11142041256,Family Doctor,
11142018502,Family Doctor,
11141935354,Out of County,
11141889590,Family Doctor,
11141752083,Clinic (Family Health Centers of SW Florida),
11141702367,Family Doctor,
11141624659,Clinic (Family Health Centers of SW Florida),
11141615451,Other (please specify),Charlotte County Clinic (My Health Onsite)
11141494985,Clinic (Family Health Centers of SW Florida),
11141300188,Family Doctor,
11141222098,Family Doctor,
11141189996,Other (please specify),employee clinic
11140998605,Family Doctor,
11140985811,Family Doctor,
11140913133,Free Clinic (Virginia B. Andes/Englewood),
11140846801,Walk-In Clinic,
11140704603,Family Doctor,
11140698385,Clinic (Family Health Centers of SW Florida),
11140698362,Family Doctor,
11140419656,Other (please specify),Millenium
11140388179,Clinic (Family Health Centers of SW Florida),
11140355196,Clinic (Family Health Centers of SW Florida),
11140347387,Clinic (Family Health Centers of SW Florida),
11140220155,Other (please specify),CCPS Wellness Center
11140205095,Family Doctor,
11140194394,Family Doctor,
11140192296,Other (please specify),I don't unless an emergency...poor insurance plan at job
11139150276,Family Doctor,
11138936139,Clinic (Family Health Centers of SW Florida),
11138862235,Family Doctor,
11138743825,Other (please specify),Charlotte County Schools Health Clinic
11138715314,Family Doctor,
11138592710,Family Doctor,
11138538785,Family Doctor,
11138529217,Family Doctor,
11138507458,Family Doctor,
11138498002,Other (please specify),School clinic Port Charlotte
11138487982,Walk-In Clinic,
11138466300,Walk-In Clinic,
11138393879,Walk-In Clinic,
11138376727,Family Doctor,
11138316364,Clinic (Family Health Centers of SW Florida),
11138313382,Family Doctor,
11138287555,Other (please specify),Marathon health as school district employee
11138224081,Family Doctor,
11138157561,Family Doctor,
11138137550,Clinic (Family Health Centers of SW Florida),
11138106278,Other (please specify),School Board clinic
11138045847,Family Doctor,
11138019849,Family Doctor,
11138005454,Family Doctor,
11137992851,Family Doctor,
11137989208,Family Doctor,
11137960114,Family Doctor,
11137925107,Family Doctor,
11137916021,Family Doctor,
11137915849,Family Doctor,
11137910097,Health Department,
11137886188,Family Doctor,
11137873081,Family Doctor,
11137848033,Family Doctor,
11137754131,Family Doctor,
11137741790,Other (please specify),have insurance but have extremely high deductible so don't go to doctors
11137720527,I Don't Know,
11137712299,Family Doctor,
11137706303,Family Doctor,
11137686816,Family Doctor,
11137678063,Family Doctor,
11137657646,Walk-In Clinic,
11137629966,Other (please specify),UMR Clinic because the school board insurance does not allow me to afford my primary care doctor any more.
11137621463,Family Doctor,
11137547682,Family Doctor,
11137546607,Other (please specify),school clinic
11137545749,,
11137542900,Other (please specify),CCPS Clinic
11137538172,Other (please specify),CCPS Employee Clinic
11137534789,Family Doctor,
11137526471,Family Doctor,
11137498875,Walk-In Clinic,
11137497087,Clinic (Family Health Centers of SW Florida),
11137490425,Family Doctor,
11137488277,Family Doctor,
11137482537,Family Doctor,
11137478115,Family Doctor,
11137477086,Family Doctor,
11137458593,Other (please specify),haven´t had to utilize health care
11137393620,Family Doctor,
11137392091,Family Doctor,
11137384639,Walk-In Clinic,
11137355166,Family Doctor,
11137324489,Family Doctor,
11137323791,Family Doctor,
11137322976,Other (please specify),CCPS Wellness Center and my primary physician
11137319635,Family Doctor,
11137309348,Other (please specify),work employee clinic
11137278716,Walk-In Clinic,
11137273171,Family Doctor,
11137271754,Other (please specify),School Clinic
11137269279,Family Doctor,
11137253190,Family Doctor,
11137246262,Other (please specify),charlotte county schools health clinic
11137244681,Family Doctor,
11137229215,,
11137226266,Family Doctor,
11137221627,Family Doctor,
11137214994,Other (please specify),School Clinic for employees
11137206795,Family Doctor,
11137203855,Family Doctor,
11137197785,Family Doctor,
11137189640,Family Doctor,
11137180438,Family Doctor,
11137179856,I Don't Know,
11137168034,Family Doctor,
11137162033,Family Doctor,
11137155503,Family Doctor,
11137150343,Other (please specify),Employee Clinic
11137147920,Walk-In Clinic,
11137139654,Family Doctor,
11137137366,Clinic (Family Health Centers of SW Florida),
11137134057,Family Doctor,
11137129074,Clinic (Family Health Centers of SW Florida),
11137126379,Family Doctor,
11137125150,Other (please specify),Charlotte County School clinic
11137119273,Family Doctor,
11137113390,Clinic (Family Health Centers of SW Florida),
11137113159,Family Doctor,
11137106222,Family Doctor,
11137105933,Family Doctor,
11137104397,Other (please specify),CCPS clinic
11137103951,Family Doctor,
11137102446,Family Doctor,
11137088135,Family Doctor,
11137085697,Clinic (Family Health Centers of SW Florida),
11137082722,Family Doctor,
11137079779,Family Doctor,
11137078837,Family Doctor,
11137078151,Family Doctor,
11137072694,Family Doctor,
11137067939,Free Clinic (Virginia B. Andes/Englewood),
11137067519,Walk-In Clinic,
11137066390,Family Doctor,
11137065810,Family Doctor,
11137065271,Clinic (Family Health Centers of SW Florida),
11137062434,Other (please specify),My employer's clinic
11137057202,Out of County,
11137055157,Family Doctor,
11137051829,Family Doctor,
11137051255,Family Doctor,
11137049306,Family Doctor,
11137048670,Other (please specify),CCPS Marathon Clinic
11137045372,Family Doctor,
11137044019,Family Doctor,
11137035274,Hospital/Emergency Room,
11137034761,Family Doctor,
11137032978,Family Doctor,
11137028862,Clinic (Family Health Centers of SW Florida),
11137022470,Walk-In Clinic,
11137020986,Clinic (Family Health Centers of SW Florida),
11137017264,Other (please specify),Charlotte county schools wellness center
11137010616,Clinic (Family Health Centers of SW Florida),
11137009190,Family Doctor,
11137001398,Walk-In Clinic,
11136998009,Other (please specify),School Board Clinic.
11136996319,Family Doctor,
11136989188,Family Doctor,
11136977073,Family Doctor,
11136972642,Family Doctor,
11136966719,Family Doctor,
11136962243,Walk-In Clinic,
11136961866,Clinic (Family Health Centers of SW Florida),
11136959430,Other (please specify),Marathon HEALTH
11136957508,Family Doctor,
11136949762,Clinic (Family Health Centers of SW Florida),
11136949282,Family Doctor,
11136947817,Family Doctor,
11136943624,Other (please specify),School District Clinic
11136942467,Other (please specify),it's too expensive so I don't.  Teacher insurance is garbage.
11136939265,Family Doctor,
11136938345,Health Department,
11136933756,Family Doctor,
11136929606,Other (please specify),School Health clinic
11136928200,Family Doctor,
11136925399,Clinic (Family Health Centers of SW Florida),
11136922560,,
11136921897,Family Doctor,
11136914706,Family Doctor,
11136913683,Walk-In Clinic,
11136911984,Clinic (Family Health Centers of SW Florida),
11136911694,Family Doctor,
11136910108,Family Doctor,
11136907052,Family Doctor,
11136905064,Other (please specify),CCPS Clinic
11136903223,Clinic (Family Health Centers of SW Florida),
11136901693,Family Doctor,
11136901330,Clinic (Family Health Centers of SW Florida),
11136897266,Family Doctor,
11136894826,Family Doctor,
11136894754,Other (please specify),CCPS clinic
11136891896,Family Doctor,
11136891159,Family Doctor,
11136888889,Walk-In Clinic,
11136887792,Other (please specify),Clinic- Marathon Health
11136887703,Family Doctor,
11136887637,Family Doctor,
11136885974,Other (please specify),Care Here clinic
11136882740,Other (please specify),CCPS Clinic
11136882470,Family Doctor,
11136880612,Out of County,
11136880559,Family Doctor,
11136880440,Family Doctor,
11136876890,Family Doctor,
11136873488,Family Doctor,
11136872757,Family Doctor,
11136869774,Family Doctor,
11136869415,Walk-In Clinic,
11136868205,Walk-In Clinic,
11136868180,Walk-In Clinic,
11136867502,Family Doctor,
11136866712,Family Doctor,
11136863703,Family Doctor,
11136862974,Family Doctor,
11136862588,Other (please specify),Charlotte County Public School's Clinic
11136862057,I Don't Know,
11136859429,Family Doctor,
11136857682,Other (please specify),work
11136857642,Walk-In Clinic,
11136857290,Walk-In Clinic,
11136856698,Walk-In Clinic,
11136856058,Walk-In Clinic,
11136854536,Family Doctor,
11136853806,Family Doctor,
11136852442,Family Doctor,
11136850845,Clinic (Family Health Centers of SW Florida),
11136848277,Family Doctor,
11136847230,Walk-In Clinic,
11136846678,Clinic (Family Health Centers of SW Florida),
11136716294,Family Doctor,
11136582696,Walk-In Clinic,
11135885066,Family Doctor,
11135847177,Family Doctor,
11135844893,Family Doctor,
11135725170,Family Doctor,
11135723825,Family Doctor,
11135361559,Walk-In Clinic,
11135337524,Free Clinic (Virginia B. Andes/Englewood),
11134266915,Family Doctor,
11134053340,Family Doctor,
11133960112,Family Doctor,
11133846050,Family Doctor,
11133831339,Walk-In Clinic,
11133776748,Out of County,
11133720675,Family Doctor,
11132490960,Health Department,
11132439930,Clinic (Family Health Centers of SW Florida),
11132293435,Family Doctor,
11132278959,Family Doctor,
11131228070,Clinic (Family Health Centers of SW Florida),
11129974751,I Don't Know,
11129954385,Hospital/Emergency Room,
11129761694,Other (please specify),CARE Clinic
11129747416,Other (please specify),county clinic
11129603299,Family Doctor,
11129592957,Other (please specify),"clinic, free clinic, hospital, health department"
11129584688,Veteran's Administration (VA),
11129574311,Other (please specify),"Clinic, out of county, health department"
11129574281,Family Doctor,
11129563657,Family Doctor,
11129552498,Family Doctor,
11129545774,Other (please specify),"Family doctor, walk-in clinic"
11129540797,Family Doctor,
11129532913,Other (please specify),Family Doctor and Hospital/ER
11129523739,I Don't Know,
11129512504,Family Doctor,
11129468806,Family Doctor,
11129398036,Other (please specify),I don't go
11129285910,Other (please specify),Epiphany
11128857166,Family Doctor,
11128840140,Family Doctor,
11128584788,Clinic (Family Health Centers of SW Florida),
11128582891,Out of County,
11128504549,Family Doctor,
11128388177,Family Doctor,
11128346916,Family Doctor,
11128320949,Clinic (Family Health Centers of SW Florida),
11127986001,Out of County,
11127057939,Family Doctor,
11126670689,Out of County,
11126574267,Other (please specify),charlotte county clinic
11126531114,Family Doctor,
11126456021,Family Doctor,
11126413787,Other (please specify),Charlotte County Clinic - MyHealth Onsite
11126303848,Family Doctor,
11126297936,Family Doctor,
11126081921,Family Doctor,
11126004524,Out of County,
11125875565,Family Doctor,
11125872405,Family Doctor,
11125819783,Family Doctor,
11125758261,Family Doctor,
11125622848,Family Doctor,
11125601473,Other (please specify),YMCA GYM
11125592878,Other (please specify),School clinic
11125586368,Family Doctor,
11125572387,Family Doctor,
11125571753,Family Doctor,
11125544806,Clinic (Family Health Centers of SW Florida),
11125523914,Family Doctor,
11125488916,Clinic (Family Health Centers of SW Florida),
11125456862,Free Clinic (Virginia B. Andes/Englewood),
11125422100,Family Doctor,
11125410518,Family Doctor,
11125401288,Family Doctor,
11125377269,Family Doctor,
11125352840,Family Doctor,
11125347189,Family Doctor,
11125250741,Other (please specify),Employee Clinic
11125224192,Family Doctor,
11125192223,,
11125064026,Family Doctor,
11124853402,Family Doctor,
11124633705,Family Doctor,
11123980223,Family Doctor,
11123785009,I Don't Know,
11123703457,Family Doctor,
11123462161,I Don't Know,
11123447697,Family Doctor,
11123434098,Family Doctor,
11123316889,Family Doctor,
11123171749,Family Doctor,
11123044482,Other (please specify),englewood clinic and hospital
11123018737,Out of County,
11122999070,Veteran's Administration (VA),
11122993145,Family Doctor,
11122935228,Family Doctor,
11122889718,Family Doctor,
11122856747,Family Doctor,
11122856621,Family Doctor,
11122806141,Family Doctor,
11122782218,Health Department,
11122296674,Family Doctor,
11122279026,Family Doctor,
11122172772,Family Doctor,
11122171297,Family Doctor,
11122108015,Family Doctor,
11122012255,Family Doctor,
11121874765,Family Doctor,
11121849445,Family Doctor,
11121823589,Other (please specify),Health on site.
11121638908,Family Doctor,
11121588719,Family Doctor,
11120674565,Free Clinic (Virginia B. Andes/Englewood),
11120671382,Family Doctor,
11120476955,Family Doctor,
11120468306,Hospital/Emergency Room,
11120215588,Family Doctor,
11120191926,Family Doctor,
11120158186,Family Doctor,
11120105416,Family Doctor,
11120067850,Walk-In Clinic,
11120041440,Family Doctor,
11120041025,Family Doctor,
11119977369,Family Doctor,
11119866351,Family Doctor,
11119724043,Family Doctor,
11119712814,Other (please specify),Employee Clinic
11119696245,Family Doctor,
11119648396,Family Doctor,
11119559932,Family Doctor,
11119509989,Health Department,
11119498190,Veteran's Administration (VA),
11119343012,Family Doctor,
11119289452,Family Doctor,
11119271603,Family Doctor,
11119215442,Out of County,
11119209931,Family Doctor,
11119204970,Family Doctor,
11119189278,Family Doctor,
11119182462,Family Doctor,
11119179933,Family Doctor,
11119107609,Walk-In Clinic,
11119049967,Family Doctor,
11119010835,Family Doctor,
11118954293,Family Doctor,
11118950061,Family Doctor,
11118932608,Other (please specify),Bob Pryor Employee Health Center
11118894730,Other (please specify),Care Here
11118842565,Family Doctor,
11118830744,Family Doctor,
11118804913,Family Doctor,
11118803029,Family Doctor,
11118800781,Family Doctor,
11118788504,Family Doctor,
11118709434,Family Doctor,
11118399737,Clinic (Family Health Centers of SW Florida),
11117616151,Family Doctor,
11117411846,Family Doctor,
11117275062,Family Doctor,
11117233327,Family Doctor,
11117197373,Veteran's Administration (VA),
11117121456,Family Doctor,
11116925653,Family Doctor,
11116924227,,
11116813102,Other (please specify),Very rarely seek care
11116795862,Family Doctor,
11116788309,Family Doctor,
11116776059,Family Doctor,
11116772381,Walk-In Clinic,
11116771726,Family Doctor,
11116768354,Family Doctor,
11116759619,Other (please specify),BOCC My Health On-Site clinic
11116745208,Family Doctor,
11116729193,Walk-In Clinic,
11116713096,Walk-In Clinic,
11116619679,Family Doctor,
11116593574,Walk-In Clinic,
11116544649,Other (please specify),"family doctor, out of county"
11116481652,Family Doctor,
11116422475,Family Doctor,
11116421816,Walk-In Clinic,
11116370205,Family Doctor,
11116261907,Family Doctor,
11116105968,Family Doctor,
11115955822,I Don't Know,
11115949717,Other (please specify),Bob Pryor Employee Health and Wellness Center
11115752012,Family Doctor,
11115735738,Family Doctor,
11115729508,Family Doctor,
11115682638,Other (please specify),clinic my work provides and specialty dr's
11115669651,Family Doctor,
11115567930,Family Doctor,
11115536608,Health Department,
11115486267,Family Doctor,
11115439722,Family Doctor,
11115370513,Family Doctor,
11115340578,Clinic (Family Health Centers of SW Florida),
11115332790,Other (please specify),BOB PRYER HEALTH CLINIC
11115300587,Family Doctor,
11115254272,Family Doctor,
11115230842,Family Doctor,
11115193467,Clinic (Family Health Centers of SW Florida),
11115066582,Family Doctor,
11115050911,Clinic (Family Health Centers of SW Florida),
11115045082,Free Clinic (Virginia B. Andes/Englewood),
11115025839,Family Doctor,
11114678691,Family Doctor,
11114605368,Family Doctor,
11114462314,Out of County,
11114429192,Free Clinic (Virginia B. Andes/Englewood),
11114412473,Family Doctor,
11114367453,Family Doctor,
11114353545,Family Doctor,
11114328622,Family Doctor,
11114281395,Out of County,
11114279405,Family Doctor,
11114271139,Walk-In Clinic,
11114266186,Walk-In Clinic,
11114242599,Free Clinic (Virginia B. Andes/Englewood),
11114095824,Clinic (Family Health Centers of SW Florida),
11114042329,Walk-In Clinic,
11114029226,Family Doctor,
11114013802,Family Doctor,
11113991418,Clinic (Family Health Centers of SW Florida),
11113921709,Family Doctor,
11113911635,Family Doctor,
11113810584,Other (please specify),My Health Onsite
11113637652,Health Department,
11113556927,Out of County,
11113527033,Family Doctor,
11112871762,Family Doctor,
11112677808,Hospital/Emergency Room,
11112533865,Family Doctor,
11112417093,Family Doctor,
11112253781,Family Doctor,
11111676801,Family Doctor,
11111198079,Family Doctor,
11110981194,Family Doctor,
11110973152,Family Doctor,
11110948818,Other (please specify),Family Doctor and Hospital/ER
11110943299,Family Doctor,
11110937445,Walk-In Clinic,
11110918206,Family Doctor,
11110701937,Family Doctor,
11110666910,Family Doctor,
11110625380,Other (please specify),Family Doctor and Hospital/ER
11110621598,Family Doctor,
11110618340,Veteran's Administration (VA),
11110612155,Family Doctor,
11110611692,Other (please specify),n/a
11110603225,Family Doctor,
11110586299,Family Doctor,
11110574912,Veteran's Administration (VA),
11110571624,Hospital/Emergency Room,
11110491918,Other (please specify),County Health Clinic
11110460119,Veteran's Administration (VA),
11110455369,Family Doctor,
11110444641,Family Doctor,
11110425402,Walk-In Clinic,
11110419232,Family Doctor,
11110412819,Other (please specify),Tampa
11110404906,Family Doctor,
11110400331,Other (please specify),Health Department
11110398109,Clinic (Family Health Centers of SW Florida),
11110391351,Walk-In Clinic,
11110389513,,
11110385056,Family Doctor,
11110378346,Family Doctor,
11110360925,Veteran's Administration (VA),
11110355624,Family Doctor,
11110350088,Family Doctor,
11110337833,Walk-In Clinic,
11110315496,Family Doctor,
11110314693,Free Clinic (Virginia B. Andes/Englewood),
11110298571,I Don't Know,
11110288238,Veteran's Administration (VA),
11110275590,Hospital/Emergency Room,
11110270658,Family Doctor,
11110252264,Family Doctor,
11110241747,Other (please specify),Hospital/Emergency Room
11110229501,Clinic (Family Health Centers of SW Florida),
11110219602,Family Doctor,
11110183899,Health Department,
11110171884,Hospital/Emergency Room,
11110159024,Other (please specify),Veteran's Administration
11109221669,Family Doctor,
11109079615,Out of County,
11108887200,Walk-In Clinic,
11108835574,Family Doctor,
11108428099,Walk-In Clinic,
11108061724,Family Doctor,
11108019811,Family Doctor,
11107712672,Out of County,
11107537628,Family Doctor,
11107500544,Clinic (Family Health Centers of SW Florida),
11107423044,Out of County,
11105126060,Health Department,
11104818860,Walk-In Clinic,
11104785855,Family Doctor,
11104720324,Family Doctor,
11104713519,Other (please specify),MyHealthOnsite: because it's an employment service benifit
11104400961,Walk-In Clinic,
11104346556,Family Doctor,
11104339895,Family Doctor,
11104237451,Veteran's Administration (VA),
11104219068,Family Doctor,
11104011162,Clinic (Family Health Centers of SW Florida),
11102466994,Veteran's Administration (VA),
11102466724,Family Doctor,
11102434313,Health Department,
11102325647,Out of County,
11102276269,,
11102244388,Clinic (Family Health Centers of SW Florida),
11102151336,Family Doctor,
11102143346,Family Doctor,
11102107869,Family Doctor,
11102100247,Family Doctor,
11102082237,Walk-In Clinic,
11102065324,Family Doctor,
11102056462,Other (please specify),clinic and hospital
11102048481,Walk-In Clinic,
11102040776,Other (please specify),"Family doctor, walk-in clinic"
11101855652,Other (please specify),I don't as I can't afford it
11101838383,Family Doctor,
11101804749,Family Doctor,
11101798549,Family Doctor,
11101785276,Other (please specify),"no health insurance, unable to afford medical care"
11101784122,Family Doctor,
11101739923,Family Doctor,
11101689856,Family Doctor,
11101632162,Family Doctor,
11101624453,I Don't Know,
11101612395,Other (please specify),"Clinic, Hospital, and Health Department"
11101367995,Family Doctor,
11101302154,Clinic (Family Health Centers of SW Florida),
11101191126,Health Department,
11101136416,Clinic (Family Health Centers of SW Florida),
11101127275,Other (please specify),Charlotte County employee clinic
11101116884,Clinic (Family Health Centers of SW Florida),
11101096270,Family Doctor,
11101086267,,
11101084010,Family Doctor,
11101077356,Health Department,
11101069939,Walk-In Clinic,
11101061594,Family Doctor,
11100878408,Other (please specify),Employee Clinic
11099422949,Other (please specify),"family doctor, hospital, and walk-in clinic"
11099413239,Family Doctor,
11099404994,Other (please specify),clinic and hospital
11099402041,Family Doctor,
11099390340,Other (please specify),Family Doctor and Hospital/ER
11099382423,Family Doctor,
11099374892,Free Clinic (Virginia B. Andes/Englewood),
11099281879,Family Doctor,
11099264739,Other (please specify),Clinic and Free Clinic
11099253577,Family Doctor,
11099112454,I Don't Know,
11098763900,Family Doctor,
11098658430,Other (please specify),employee clinic
11098489263,Family Doctor,
11098041921,Other (please specify),MyHealth Onsite (County Clinic)
11097954232,Family Doctor,
11097070634,Family Doctor,
11096825795,Other (please specify),My Health Onsite
11095985800,Family Doctor,
11095768072,Family Doctor,
11095716349,Family Doctor,
11095520990,Clinic (Family Health Centers of SW Florida),
11094680315,Family Doctor,
11094662841,Family Doctor,
11094510771,Family Doctor,
11094155594,Family Doctor,
11093921002,Family Doctor,
11093843703,Other (please specify),Employee Health Clinic
11093678186,Family Doctor,
11093632526,Other (please specify),BCC Employee Health Center
11093457011,Clinic (Family Health Centers of SW Florida),
11093147355,Family Doctor,
11093145563,Family Doctor,
11093052831,Walk-In Clinic,
11093035061,Family Doctor,
11092933138,I Don't Know,
11092334467,Family Doctor,
11091488082,Other (please specify),County clinic
11091437803,Walk-In Clinic,
11091203335,Family Doctor,
11091173612,Other (please specify),County Employee Clinic
11091129006,Family Doctor,
11091121161,Family Doctor,
11091090734,Clinic (Family Health Centers of SW Florida),
11091078423,Other (please specify),county clinic
11090982851,Walk-In Clinic,
11090816132,Family Doctor,
11090807748,Clinic (Family Health Centers of SW Florida),
11090788335,Family Doctor,
11090781587,Family Doctor,
11090751355,Clinic (Family Health Centers of SW Florida),
11090723740,Family Doctor,
11090681960,Other (please specify),County Employee Clinic
11090676720,Out of County,
11090676567,Family Doctor,
11090671459,Family Doctor,
11090663906,Family Doctor,
11090602507,Clinic (Family Health Centers of SW Florida),
11090575831,Walk-In Clinic,
11090453021,Family Doctor,
11090438919,Family Doctor,
11090428581,Family Doctor,
11090390595,Family Doctor,
11090380676,Clinic (Family Health Centers of SW Florida),
11090378197,Out of County,
11090364488,Free Clinic (Virginia B. Andes/Englewood),
11090329265,Other (please specify),County Employee Health Clinic
11090327319,Family Doctor,
11090301066,Family Doctor,
11090288915,Other (please specify),Charlotte County Employee Health Center
11090243700,Family Doctor,
11090235765,Family Doctor,
11090234171,Family Doctor,
11090220983,Walk-In Clinic,
11090218854,Family Doctor,
11090207281,Out of County,
11090206542,Family Doctor,
11090194688,Family Doctor,
11090193552,Family Doctor,
11090189281,Family Doctor,
11090175564,Family Doctor,
11090174775,Family Doctor,
11090131827,Family Doctor,
11090130887,Family Doctor,
11090121831,Family Doctor,
11089840696,Family Doctor,
11089384908,Family Doctor,
11089338487,Family Doctor,
11089055993,Family Doctor,
11089031545,Health Department,
11089018119,Walk-In Clinic,
11089003601,Family Doctor,
11088182689,Family Doctor,
11088094453,Walk-In Clinic,
11088090419,Other (please specify),CareHere Clinic
11088009755,Family Doctor,
11087991038,Family Doctor,
11087918037,Family Doctor,
11087892471,Other (please specify),County employee clinic
11087858416,Family Doctor,
11087769256,Family Doctor,
11087711478,Walk-In Clinic,
11087667727,Out of County,
11087465364,Family Doctor,
11087333405,Family Doctor,
11087273902,Family Doctor,
11087252118,Family Doctor,
11087245988,Family Doctor,
11087240584,Family Doctor,
11087237315,Family Doctor,
11087230038,Family Doctor,
11087229869,Other (please specify),county provided facility
11087193234,Walk-In Clinic,
11087184864,Family Doctor,
11087157847,Family Doctor,
11087103841,Family Doctor,
11087071740,Family Doctor,
11087002104,Family Doctor,
11086998024,Out of County,
11086990023,Family Doctor,
11086969361,Other (please specify),care here county health facility
11086953791,Health Department,
11086947970,Health Department,
11086944126,Other (please specify),Care Here-My Health Care
11086939779,Family Doctor,
11086931248,Family Doctor,
11086928645,Other (please specify),My Care Here Clinic for Charlotte County Employees
11086927820,Other (please specify),county clinic
11086919546,Other (please specify),Charlotte County Employee Health Center
11086890984,Family Doctor,
11086829136,Family Doctor,
11086822788,Hospital/Emergency Room,
11086693060,Family Doctor,
11086054898,Family Doctor,
11085907430,Family Doctor,
11085872334,Clinic (Family Health Centers of SW Florida),
11085813255,Family Doctor,
11085688711,Family Doctor,
11085591910,Family Doctor,
11085275901,Walk-In Clinic,
11085142441,Family Doctor,
11085138144,Walk-In Clinic,
11085114502,,
11085024644,Family Doctor,
11084960321,Family Doctor,
11084907548,Family Doctor,
11084813068,Family Doctor,
11084774440,Veteran's Administration (VA),
11084731104,Hospital/Emergency Room,
11084726180,Other (please specify),Work Clinic
11084718656,Clinic (Family Health Centers of SW Florida),
11084667095,,
11084579089,,
11084565986,Family Doctor,
11084498922,Other (please specify),Health On-site and Family Doctors
11084486435,Family Doctor,
11084480301,Clinic (Family Health Centers of SW Florida),
11084422063,Clinic (Family Health Centers of SW Florida),
11084409011,Out of County,
11084361739,I Don't Know,
11084358825,Family Doctor,
11084306979,Clinic (Family Health Centers of SW Florida),
11084290400,Family Doctor,
11084269493,Family Doctor,
11084240138,Other (please specify),County Health Clinic
11084187318,Family Doctor,
11084162103,Family Doctor,
11084161845,Family Doctor,
11084159241,Family Doctor,
11084154595,Family Doctor,
11084095189,Family Doctor,
11084080812,Family Doctor,
11084073213,Family Doctor,
11084066639,Family Doctor,
11084064853,Family Doctor,
11084041845,Family Doctor,
11084021491,Clinic (Family Health Centers of SW Florida),
11084008273,Family Doctor,
11083976562,Family Doctor,
11083882762,Other (please specify),County Employee Health clinic
11083827159,,
11083792776,Family Doctor,
11083688138,Family Doctor,
11083649534,Family Doctor,
11083615693,Family Doctor,
11083527575,Other (please specify),Charlotte County Employee Health Center
11083503086,Family Doctor,
11083422005,Family Doctor,
11083404331,Other (please specify),County provided Clinic
11083390826,Clinic (Family Health Centers of SW Florida),
11083367979,Walk-In Clinic,
11082638498,Family Doctor,
11082515629,I Don't Know,
11082457969,Family Doctor,
11082159603,Other (please specify),CARE HERE
11082077947,Family Doctor,
11082031486,Family Doctor,
11082027116,Family Doctor,
11082018220,Family Doctor,
11081778820,Family Doctor,
11081746847,Family Doctor,
11081708089,Clinic (Family Health Centers of SW Florida),
11081646809,Clinic (Family Health Centers of SW Florida),
11081640020,Family Doctor,
11081468695,Family Doctor,
11081454059,Family Doctor,
11081429948,Family Doctor,
11081401000,Other (please specify),"We get to see our primary doctor once or twice a year, because she is too busy. For everything else, we use walk-in clinic on a regular basis."
11081392294,Other (please specify),Employee clinic
11081324505,Clinic (Family Health Centers of SW Florida),
11081299218,Other (please specify),Charlotte County employee health clinic
11081270284,Family Doctor,
11081253922,Walk-In Clinic,
11081242351,Family Doctor,
11081228364,Other (please specify),Millenium
11081182369,Family Doctor,
11081181200,Veteran's Administration (VA),
11081160367,Family Doctor,
11081159631,Family Doctor,
11081140875,Family Doctor,
11081127050,Family Doctor,
